# ids Tatoeba (eng \t por) de cada linha de en-pt.tsv, na mesma ordem
2203139	7259803
5367528	7279468
1319588	1146130
7302738	7302882
1368	1145813
1137277	6781759
5888165	5892379
1622	1163391
2713260	7192419
760541	7283281
2218420	7269717
1434	1198157
2700676	3222202
68918	1413081
2046775	2930587
2892440	7316110
7248390	7250969
6459861	6460389
4887770	7196377
11049744	720865
7239445	7262288
7534737	7535873
24676	7305472
1950696	7281241
434434	1043900
1561	7257134
3920770	8060066
11030745	7563494
2029902	2029914
1296	414996
34682	7305131
4771541	4446338
1911834	8541993
3348040	5174771
1830500	2029849
241673	8057876
29056	11661801
2648524	7280177
8936731	8953951
7285616	7287531
36088	12823116
2233753	2622489
3184870	7295142
2647116	1070409
2646080	7267035
3921780	7282477
7519602	8062262
3908509	8061892
1199399	1311995
3373042	8060434
6260558	8060110
2221142	7281097
1895770	8060367
370708	5342192
257078	7291917
2259912	5096013
2253038	7193567
2891307	7312915
2405848	7298468
7192348	7192465
253699	7288438
1602	2274741
758084	2139402
6258581	8060102
1887811	5590829
1911994	1916042
2033581	7308697
7269141	7269556
3738309	7261476
1397	404997
8057336	8057371
1363	7162762
2169618	5057481
2111911	2593113
1126684	2454377
20392	1196341
1241199	1198223
2249549	5613110
1886250	1917572
9697512	3441878
1885928	7302013
17057	5181037
24565	1573211
1408	404987
1037900	8055938
7255058	7256942
5190609	3428273
5726586	7274257
7521191	8057667
894729	4485665
2281853	7290359
3360281	7257911
2255262	7300000
3921624	7292897
18055	7275221
1178694	1571329
20093	1198167
1329	6817137
404096	411527
1913090	1484946
240551	1227770
3312758	8057536
370703	4717125
7521245	8057456
43892	1408251
1439	405546
2012559	2847308
321763	7304065
68788	7189226
2892539	7316011
7283208	7283807
2314897	7277725
2990790	7264944
1057970	1058379
6090854	6382124
3818496	7267088
7269166	7100232
1196919	12387948
2011805	7306096
3591356	8057216
2407713	1900313
5938306	7295112
7258087	7258125
1840722	1840987
2278308	5949965
4492679	6139002
7302736	7302900
2233760	2623186
25534	873702
5239362	7315505
22570	7292118
7291333	7291574
320395	1197475
1916316	1916961
7932304	7933541
2111929	406456
2275754	1161254
2245539	7054764
6055899	10458381
1488190	5404785
1871883	2621228
1839605	4806644
69295	1150495
3738668	3752332
15882	393520
2011290	4902997
257112	7251716
3821506	7249548
2265761	1255935
1671758	1672206
2376397	2162327
12355975	12369000
4915772	5121157
6033368	8060324
2361464	5606507
2376527	8057121
9939487	13611908
3358853	7264918
3356384	8057100
397103	4717252
7255549	7256181
38360	7277739
1898362	4401808
5193523	7282662
1638710	1639220
25902	1057103
4030809	6296260
48354	8029793
26096	7301610
2182785	2569297
1354	1001725
6301614	6309111
6257936	8059171
1198841	7319375
2892027	8057246
7259357	7259444
7274365	7274400
32104	5109353
2203575	12065363
2758078	8060378
3402447	7284727
7258113	7258184
1540654	1541342
2783454	7277750
284993	5616608
2016624	8062064
7290401	2804170
242233	7285617
7306504	7306510
7274338	7274377
1715087	1715264
22016	1196320
433730	1319214
619875	972405
54174	2845016
1121357	6387836
2233748	2621112
20097	1199954
7315927	7316523
267729	6388106
3738506	3752335
2648847	4988328
1636954	1637605
432340	2119423
70623	397638
321700	4314282
1520797	7740208
1926424	1926446
1284	6710362
6816561	6816562
2647629	7908408
514930	415025
1343997	3188139
6354207	8057104
5241825	8057140
3825201	8057258
2182813	8057175
38387	1319212
6099571	7299851
1494	1573259
71177	7276458
5843698	7320245
8926316	8937688
1936523	7316222
3920848	8062681
7306642	7308770
2358712	7300691
7678869	7678871
3906793	7258056
3222405	3222612
2992409	7283176
276688	8079684
3129941	4878430
6356077	7677741
6355538	7677731
3912644	8060329
280576	7782112
1718	5594042
1647806	1648732
408293	1130899
2255014	6195009
3146646	7309825
1829120	1829755
7264970	7266134
1687472	1694156
5853263	6216475
2396066	6827803
3392575	6291051
16492	380674
7298340	7298445
433491	1150729
254914	5170354
2546647	7293992
7290373	7291839
7302940	7302979
2002688	7303958
8936876	8953856
3286277	7258028
7255075	7255941
6979669	7256057
3113988	5982696
7258000	7260341
1295	414994
2059131	2059508
262696	2087383
3916736	8074289
17322	7325265
10051536	8935301
3908536	8061907
906328	1197457
434344	3259415
5295840	1302365
348091	1037926
9756889	9757143
448235	970324
565931	1201155
6046788	8054669
31723	390855
2202840	2479339
2203075	12037689
2203290	1571485
2203368	12043085
2203371	2052143
11176195	11784835
21678	380526
8912643	7234696
410751	6774385
854406	4973303
1804041	4850410
1339	1212894
37872	1104864
1898348	1900212
1898342	1909466
2634388	2634390
7114500	9058017
2249954	5322685
2233750	2621585
1657838	1657841
3245828	2594958
68955	7063129
2192241	6780661
1340159	1340170
1104795	2197691
436243	1146648
1954838	6966009
2315134	734717
2271851	4819408
8918637	8919147
1934790	1934998
2648774	8054710
5944	893395
2272135	4819397
2273798	6781134
9301866	9306840
1801650	1801719
416367	405091
1140034	3263030
10056951	13919333
1391	405106
2274025	4438123
2547975	3489879
2547974	3489871
1825320	1825583
2649215	2832593
1887119	2672524
2011553	6781325
17795	393647
7521724	8057450
2547353	8498456
71629	4759615
9091544	7058986
12355976	5322685
1828814	1829801
55573	1331702
16275	2099962
954601	8059969
1825318	1825593
6334650	8067624
3821036	8057411
2085236	2086818
70210	7088707
8889625	8911856
8926419	8937494
313574	4850561
1277	12301821
10039302	8518178
16955	5184799
3218368	4879702
2676019	7905987
3356314	8056056
2543246	4910701
10083401	8518178
7521451	8055990
20566	698090
7475694	8061966
3906911	8061981
7257599	7257992
7989051	12383491
2643445	8061790
7521390	8055991
3916244	4706638
2360505	5576485
3908371	8060341
3823389	6758199
7290393	7291747
1248903	1581004
1898277	375134
3251723	7678856
2218287	4902934
7161484	7162225
2912517	7281218
2315300	7090170
1961594	7295180
3917222	8062274
7302735	7302929
2006546	7275410
2642530	7272945
3417704	5586005
28052	7285277
7283261	7283498
7217701	7219149
884684	983582
2424	2150957
1726	7258147
1989739	3143735
2458584	2462913
3334027	8057237
5158725	8057239
264610	1291753
2648906	1220117
247442	1291543
5112055	5107415
1774493	1775459
1774504	1775449
7223113	7223893
6096885	7254132
39221	7319058
3226574	7284294
17802	7318517
2540509	5985518
1209680	7284041
55064	7274171
2891104	3494705
6033156	8078454
2019148	8062112
7328344	7328462
2567709	2569216
3906406	8601851
20595	4418181
259372	1265919
8594733	8700975
43901	1408261
7737069	8067010
3178347	7315988
2583378	5285635
7217539	7219216
6390114	10720661
267179	347669
2247910	7760184
2249183	4837557
534970	395112
1894207	3108359
2220464	7294004
6149764	6151331
2540592	4491091
3350146	8057507
431891	2044281
254047	374992
3012367	4973383
1287	893315
2014033	8073683
1850488	1779524
3402313	5034098
3653305	6761307
3170960	3388888
324520	1057404
2175	411436
1216255	1290640
324861	1150605
1966575	2827686
1343640	7295282
17027	7318517
373330	397074
1102981	1503599
1804273	1146136
373216	397610
5545232	1198087
448320	1197501
24697	395733
2234817	2562041
3084148	3084153
2230769	4603582
6165598	5436104
2111799	2115262
2111796	411434
1120816	1571699
240166	3684794
1357251	1357379
2111524	6169237
651592	1217890
323780	996769
2565998	2569284
1638143	1639282
8883721	8883720
434532	579035
3733064	1473735
1839428	8926591
373320	397685
1189413	6728437
5128012	7089864
17735	974309
2549778	6780591
20397	4685981
707129	734786
2117890	2134010
9442331	1373253
20344	380392
1904273	7280571
2243518	1900374
2241116	8926632
262783	5993602
2168	4491200
16486	576816
2218373	12341146
68908	2530366
25095	729688
8226906	8339008
1839424	8205482
619758	1706276
1808126	2038312
2891110	3494724
2418	1541314
843310	844917
1784974	9753524
482361	6475694
705285	4985133
2405822	2576179
259961	5052934
70926	397651
275296	7575524
5858239	10009887
1687594	5577375
257593	711562
2463406	4043711
694423	378205
2306854	4523647
8597764	8642346
2648242	5973681
2877541	11484665
58453	1396784
17660	7488047
4499202	5616046
1895797	3435231
9973343	9973346
2886571	8059301
10766616	5891026
1912215	1912113
3439515	7553226
4360401	4360816
280969	8077523
436795	955542
1825303	1825602
853146	3186848
8595516	8645463
8240753	8238097
1725998	1726655
66385	1311485
65968	8059977
3123338	1841013
10810382	10810387
1740473	6780663
1473541	1473780
6272079	8057186
6884248	8057515
69678	7220321
2891109	5358056
1108772	1176111
436543	974376
1468930	1468978
1176981	4938002
18711	1069379
2267106	3102404
1322519	1318251
1636803	2135131
71054	1014247
1645422	1646399
3819784	8564357
2892493	8055949
1164861	2169972
3910066	8060043
7683472	7683473
6033309	8058975
4515676	4533654
1127969	8059221
1315	405254
8603968	8785803
1887382	6953000
1611172	5302455
2361655	5990799
27692	6953002
2891644	6984016
1643	7188987
29075	374992
8634995	8659710
2407719	8221202
5557483	8057166
4132809	7188994
12347261	12386419
2046754	10001226
31166	6310234
8888541	8912197
2077766	7089965
1779252	1779413
3820355	5109466
1043833	1318251
2064752	7331037
245454	8232787
2359054	5987847
3310859	6781860
2066	404869
48085	871407
1879420	2100179
3738806	8630502
3354142	7263351
1417	7166950
2233763	2623230
2047579	1058470
2202822	4398631
3822871	5608469
1886246	2490542
4496312	5047845
414128	2693682
2376612	8095304
2271956	4973366
614435	1449856
2510771	10747850
2648075	5040435
1564	2690294
2548894	6780647
40529	8227905
2064569	1396835
5850555	6147175
3755071	3755148
1531026	9194582
20673	7589766
7678891	7678896
3348817	4158717
3733047	7285480
2929383	7272742
6098715	6463971
478565	972515
7258115	7259766
2712936	1417061
2111827	2115240
272075	4572203
1211455	5918793
464478	1508654
8918554	8930661
2044488	8199191
6672910	6902812
3630641	8054821
2273903	2607234
1895818	7341656
9935149	5558810
7221417	7233653
759353	1235329
244084	579037
19170	578973
3389728	7411890
436371	972208
827295	5965487
239730	971552
3915354	8060450
34819	380533
262424	2699911
1553390	1656808
2243641	4837372
2241081	11170652
2241609	4974486
1895594	12548233
1829652	1829678
2218406	12346130
1886331	1917468
5205853	5205650
258639	5261094
9058767	9102512
2545503	7589766
2542413	2603611
1891184	10008380
8202082	8202081
8925924	8937819
3910049	6474051
8890014	8911760
3131768	4704474
1789234	1792364
1078010	1632223
2252707	2619531
9098615	9098635
8613871	8621697
2012118	2033310
8253030	8309196
2545010	6992101
2518432	13611933
1912023	1916021
73219	1926450
9076996	9120049
2546572	2672516
4721105	4727715
6547659	6547686
8063728	8064108
770375	921848
17102	788787
10167628	10167634
247852	3764816
2208416	3463171
1859662	1859757
1070261	1070610
296310	990391
5859663	5872096
3918240	8067347
8888838	8912163
9058833	9102435
2011366	4833607
8925900	8937831
8635436	8659685
3911739	6473424
40063	4371612
2682183	4800546
316621	10749280
9081605	9124023
1647838	1648730
1387288	1209918
2645606	5642235
2258118	8348608
1886251	1917557
7387287	8757522
8889083	8912058
3907168	4031101
7284990	7285648
2543271	3492410
4521622	7258009
2014783	8211886
254666	3847411
3184178	2466527
3976744	3978095
1437104	925539
2644213	1485163
7910326	7065807
647456	405211
5289484	6022054
7910301	5886464
1588724	1588759
1744314	1150755
433510	411597
12823375	1381835
1916315	1920334
430128	1150695
1730009	1730011
4305916	1198222
320080	4965141
433504	576699
2230774	4603585
329713	397611
1357000	3089270
436281	4619676
1872056	972208
1924560	1926488
2428556	5073498
42400	411458
42304	1043744
20719	1150607
413611	1220262
325429	411432
1042227	1217890
3647060	6800294
2107669	5404763
2202830	12008727
2202904	4866896
1553288	8779857
411667	397669
2203306	4832931
34756	1235398
1198819	2363393
1841495	7730206
2244947	6780729
434242	1006405
1326	1198186
30970	2102360
2167181	1380011
5195302	10009917
3806575	4166055
1388165	1215872
7910324	1162893
8595184	8649150
5853048	7234590
1110626	1173025
482044	579008
1779245	1779420
1553500	1138699
285193	2135137
1112325	5669861
1841700	6966005
8648703	8657984
257396	405273
51119	5109138
2246009	4894404
436861	1277014
1148324	4384847
1749476	1782626
2011270	6774369
17707	1729581
1180917	4517092
1890926	4974634
7426412	2852339
2167100	4706505
5839960	6781290
256929	9824502
1891048	6781151
1369181	1227749
321673	1236338
1501	397655
5825533	6097793
2248751	6781452
2168709	2363760
2035759	973425
1719	397616
2249338	4943486
3822075	3695995
2213537	2144834
266779	1319220
65316	1213913
2045752	4647210
1833349	5362533
2830886	2831068
407581	994488
2249823	11784829
8190330	1847962
2250040	4726274
2243023	7331600
8401017	8552885
13561997	4954249
1283960	3679105
593265	4818418
1871885	2621226
324656	1296102
3822909	4906408
1107965	418148
2241072	5595129
2241108	8926620
2241114	8926628
2241140	7491915
2241145	6774399
2241162	6774438
2708748	6774411
1886646	2105780
2440024	2442658
6607797	8059268
1120755	4866896
6489643	8779857
3362071	7730206
2402912	2682322
2044399	4552394
3823169	6952120
1728576	1729595
1895595	584683
2218286	4902934
3764094	11162431
1895558	2750984
275743	1054289
241849	4424593
1886335	1917436
502232	1043774
4498131	6048255
1886253	1917551
8226907	8339008
2649039	4916197
3912659	11948009
868765	868763
2648560	6781429
449095	897226
685841	1034701
16547	393576
2299295	1198137
250327	1150012
13580209	13597228
3743318	5391597
11049738	5617903
3818677	5891026
1543657	1544084
41574	2008975
1935290	3689888
250053	1204956
1849022	5105576
41486	1311609
35174	1070650
2116338	2119459
64233	405213
61525	1305815
3736222	3802115
309347	4766038
320093	1205081
8595504	893860
1954968	2419446
5858530	6948643
43101	1236722
38392	340434
1724016	6781159
2271878	2604119
474746	8198004
2271929	4819391
1887277	4674238
4002566	6781174
879627	9931013
1890722	5040173
487170	1455434
6759568	6759577
2377486	2133806
2688199	920603
2387238	4819191
2387239	4819194
1587267	1592075
2387273	8067282
2387424	4818205
2387438	4819165
436821	4818156
286703	4818290
2387512	4815140
2387532	7562040
2387552	4815150
2387799	4819196
1956085	5172620
8826656	9011427
4500020	6673038
254474	9372950
2405816	2576167
5956075	7537258
871801	1483294
2422751	4818400
1887889	4194436
1550027	2044281
53489	2311988
3044102	6781280
241649	7040374
24132	576859
3818218	8062283
3315771	6781274
2549066	6992153
67124	2175854
2547652	1236278
5796975	11675131
4500172	1412786
2055348	10566955
925077	397616
2144647	2144834
7197246	7525226
322204	4704443
5615957	5617349
2648785	6365231
4495025	7525226
3442265	6781471
3449259	6781468
3177945	12386660
2254750	3691068
3734177	8054797
2648990	8054695
2648775	8054713
456357	729688
2891732	12379240
4500503	6624142
9850919	8163385
10141437	1879903
2002544	11281399
326232	2179947
4493692	6011728
2548153	3490224
3818932	6014752
1764750	2422221
55574	6085301
1948893	3711558
4498120	4532760
1737475	6781128
3312652	6468217
2154925	2155682
9458320	10828491
1495903	2707190
3737794	6781518
428402	2569254
533171	1063476
1357293	10256603
687608	897353
2136	976274
461908	999732
595597	519631
370562	584683
11162415	11162431
2342347	4774134
1582108	2750984
3330909	3408240
1638261	1646540
6019791	11675137
2647236	3163191
2548455	4704394
1427869	6780652
2099244	2100090
3327384	4922532
1690041	1694018
1624867	6122291
434484	1311943
60247	6183572
66262	7220288
2877891	5957368
1877211	6781129
2648549	6780666
2647711	6763634
1465729	1464362
2011465	11692601
2011470	11692611
2275410	4938377
1977541	4512822
3635854	6965813
436103	8564263
3847212	3847299
733380	1309172
688407	3842344
1954791	7448289
6356844	11075490
8596957	8644697
8913022	8924691
2999701	2999852
2315139	4819260
750661	406658
2276071	7089985
6995593	7090071
6559108	7090062
6918944	7090070
9358620	2418925
3825001	3877334
242674	4968935
1887380	6780830
252187	5114329
2360515	6780825
2360679	6780829
2361025	6050060
2376320	8057558
2376321	6725246
2387305	9071163
2819579	5129485
2408593	2466616
2011369	6780879
2011418	4850250
4980521	4982884
12556191	6781280
71246	4485665
2077400	2420022
1233150	3487601
697564	697571
71842	4719618
4025297	7575524
265472	1201159
10121470	10121517
3662976	3662982
9092630	9135877
9086028	3837102
1640205	1646493
4887837	8057303
4368265	5612715
2852140	6014744
3424305	8240792
326530	990350
2352	893360
3184021	8059021
841847	1943983
1828612	6369675
1828658	1829813
6563851	6564753
3393229	3702566
5615952	8076574
8282389	6781471
2892290	8058964
3178479	3416605
2547493	7993307
5452152	8063567
1638587	1639231
4887806	8057263
1829530	1829706
1574236	5284448
17225	7037852
371443	419240
17150	3832384
1987969	4870279
2208434	13253812
401801	1609031
1886510	10012544
2220304	5105569
2398	5568885
27675	1063462
1952048	13061816
8867061	6024530
1553293	1656862
69506	5623978
3168052	4876016
1417458	1418617
3342760	8058925
2679584	2562002
5325368	6155206
1587254	1146757
3390630	4179126
3384000	4822843
10061263	10078772
2011863	1265521
8598055	8634137
280564	2102368
2291234	404984
1887234	6941258
2361213	6781871
3538210	8057569
3818736	6958462
1887252	7090147
38091	1167366
4620706	4620707
2331853	6463990
22120	4832881
5166595	8056009
6270647	9950619
6356355	8055997
1887583	8232781
9077195	9119898
2389904	2390954
8540021	8960883
2011692	2103461
2033083	2033323
41846	2602843
52275	720955
6439251	7589958
2544773	4278866
2543578	4992131
5187251	6781909
2544718	4922560
5204239	5585981
2869165	3778726
1587304	1592080
1582123	1584160
66807	5197777
48634	1408279
1808187	1810372
3911567	6948204
2788031	6823551
3212854	5870639
8595026	8649471
8596452	8644808
6712634	6763602
9018753	9046087
3183447	8606428
2892444	6803076
4506707	1146640
5203256	5976375
1744630	10793574
43902	1795582
38104	4491318
2643814	4887212
767698	1779524
7987247	8066993
3903816	8059140
4014429	6369705
1886416	2104188
895800	12042702
6040213	8062163
1886411	1917335
9457272	8057273
2977960	2978115
1951510	8057157
1886401	1917249
611769	1276014
70706	658031
5618183	6155206
9412352	9413500
3179197	3179418
8389098	8392509
6049221	8058972
7792995	8067816
8867262	8867278
6788733	6800462
8983753	8983748
312816	909307
953373	6958855
2721198	6936635
2462713	2462711
8198008	8200713
5215336	8057144
3735850	6955233
279333	4938001
1773410	1775508
2060076	9061066
2407754	5205468
2408204	4819226
8045946	8048439
1825294	8544987
7585293	7577723
3903841	8073254
5850594	10610220
3861765	4281525
8227195	8333574
6572468	6573547
9700403	9817850
6687943	9700352
6759566	6759580
3175712	4431909
4727300	4814018
43934	1408267
7387625	11038267
8201878	8201877
55943	5101765
1893817	5172637
8599927	8607481
3377134	5187273
1979449	10227793
2678428	2679625
3915144	6669572
1886388	1917365
2208625	5033641
274196	12206596
4784225	4825265
3871324	8059084
2852526	7318570
2301305	8059129
1955040	5594091
8588441	8586377
2318332	1418547
2323297	7261608
3403204	5949883
2331851	6945010
8902927	8904180
8230002	8332134
3330268	8067834
2158899	10313855
2013965	8058951
8933021	8948512
464753	6396900
4195843	6809159
241582	5626490
3128597	8159131
1647780	1648752
55965	1912471
2015286	6781046
4282342	6780885
16457	7295093
62225	8421785
3415335	6780687
7198606	8057133
1989609	1199954
1349267	1485058
2203344	4437025
322717	5785689
2252710	2619606
3826593	6195045
453328	2852339
1955085	2154894
376610	340434
370605	1212953
256057	886757
2249	418057
2405821	2576158
2456789	4517986
1887796	6936603
40133	8226444
396743	1221695
5870033	5870701
5969711	5969713
1465186	958330
2548148	3490218
306228	1052897
1667947	6935592
1125674	6163182
915790	1001874
16475	1120371
8933050	8948332
10615801	7302722
7302734	7302958
264823	1824374
3247153	3247303
6794991	6795346
7199787	7199954
2458505	2474596
2757689	7290252
5041972	5045158
6915498	7196479
2240816	2462099
440042	2141096
2111938	12385864
38590	1020743
2111825	2115247
1913087	1916004
426710	1146134
374827	380436
2111239	3476698
2203061	4850180
2203098	4818371
2203311	5481116
3199782	4816858
1152017	8209985
15913	6087671
1638296	1639253
4495690	5205434
3256345	415025
36405	390861
2208548	6294125
9059445	9102244
8595007	8649499
2891809	4677261
8206941	8206940
30341	7903689
265523	7290225
1384361	5638105
7294055	7295267
413058	1006403
2144599	2144856
31711	8979988
1578685	8926581
2805869	1221688
409602	576711
2323	2733422
376611	340434
2249322	5597002
1894552	4837462
54226	12425971
1086939	1087895
323768	1021170
476416	2707520
32690	576736
2252433	8074241
4300462	4478046
2499065	2500528
2241103	8926600
2241571	6774442
2241585	8057920
2241594	2453288
1120795	1248823
5617584	5606077
1188207	9932248
2255353	6780654
2342028	2623609
3098577	3986395
8233185	8330114
8693852	8729238
25175	4292745
2064858	9965236
7475367	8539134
1645427	1646401
2064130	2064140
2087366	2087383
7277758	7277814
448645	380436
32111	7328102
2182709	8064108
3287366	6729813
2018770	8060422
6248484	6761346
7228086	7993663
9800814	9802663
3668454	9932086
9039595	9062766
8277056	8290491
8338544	8339920
5668039	6390830
8427238	8427240
6111053	7842868
2429	10133634
9501636	881480
30835	4290065
6812284	6813392
9231870	9232685
2182708	8063493
8717375	8785668
1981476	7044790
1799039	1799463
9766894	13974277
3358594	5608098
2045853	2195775
8077462	8077465
4098190	5181012
68935	1734904
9045245	9077970
38050	5624758
2543248	7555781
3826759	5434334
3287172	3416489
256425	909301
43807	10471680
1648199	6015500
5311027	8060032
5239636	8060374
3903772	4677271
10006347	7564033
2405818	2576163
259087	6949461
3185270	4686016
6262606	8067669
5441791	6383667
2267138	3491477
70876	2105367
2039871	1146206
6795628	6795681
4933315	4933847
1454605	1457063
3823407	8808677
6396327	6396900
2013034	6803166
2542448	6048247
6812260	6813344
59454	1321091
6823946	13974389
64421	1560086
3312123	6820100
8857261	8857281
4822646	4938155
4016171	4034880
3915944	11957870
9073465	10787664
954535	3931868
3402360	5610091
7737273	10748198
36458	2369332
3330949	4025738
1954872	5189486
6346825	9963654
3729661	7531064
5911469	7922639
1951619	5106524
11595136	5152297
256363	386092
1078009	2793563
261189	5577318
1700676	5014813
1464860	5181053
1669930	5624733
51949	6956400
11029186	11068525
3232759	5197319
8595568	8645446
8592913	8757357
464510	1207059
9062789	9062795
3330950	4026727
2153448	2860259
3373158	3373156
1102535	2213738
2543247	2550166
62771	1560246
2191541	4417482
2011732	2033258
25091	994298
953291	1048386
3680897	5306714
8890046	8911738
2481365	7523476
8836964	4613391
1690544	1693905
260868	7090104
283223	1555595
3912893	6639157
2360938	5205414
953522	734717
260346	5468762
9209127	6985170
8198063	8197916
3908720	9963660
8549510	8561684
2546159	5006038
2528478	4873564
3150013	4572215
1313351	9977328
2544775	4278859
2667394	2668858
9046346	9077233
42676	4508060
1643202	1646448
386688	404934
314180	13611852
2477165	2961033
3131499	7284381
3594008	6803111
12287260	12337903
703235	996185
3818120	6048262
12890605	6158617
2033168	2033279
3917229	8082539
3310903	5025821
1740923	4532596
453117	1180101
619603	1707703
1504	414992
1799670	1799680
3519548	7328229
3342750	6780658
41642	1268727
253463	2104192
3273266	8429012
2780197	1920594
5066371	5067416
3730783	5613101
3817983	9930629
1120515	1120518
34991	770645
320074	990485
2275329	8067039
2951858	6959777
4708047	4716775
8222309	8238751
64296	8642240
64463	8243334
8926458	8937469
3383938	4955749
4597895	4602296
237738	2651426
8596931	8643941
71124	1417053
690113	3842344
6266727	6943403
8888589	8912183
2476143	2573411
2276079	7090000
3874524	3875395
3874522	3875410
257789	7492014
5859879	5872132
31380	760621
2464364	6394319
5114791	5115223
6668025	6668026
8463462	8463465
3908436	4810325
3944038	5613907
1839508	10002295
2186487	9446709
2547932	3489619
8927336	8940355
9937317	9936887
2064702	7331037
8927271	8940366
1936381	2053840
3911942	5101861
432866	6956421
1891033	7696632
2543480	8867162
6307434	6307175
3823747	5642238
1891165	6310495
2361996	1592075
3731986	5590945
2144586	2144861
5082686	5083947
2953253	5613125
252056	3122078
3738797	11257630
3255070	3262382
3049960	2991743
2870191	8057314
5813327	5813659
2892067	6781957
3675929	4825226
4751088	5624745
913336	7768490
306712	1362930
3906852	5933236
1112417	4651524
5001421	7530884
3310813	6781854
1886814	7805110
3915933	11957861
685840	1485358
4014958	4170976
3918123	6677535
1879340	10787397
244462	404223
4494025	6995335
5132666	5616059
1886415	1917323
4264393	7492014
3631196	3631208
4817061	3833795
2642786	1799680
3651770	7081006
3172369	11750578
775986	1202003
1687473	1694145
1770346	1220155
1246726	1581029
1687474	1694140
1357236	1136395
2047452	4930305
2252702	2618414
2868276	2868780
2243536	4973317
55724	4508919
3142962	4704373
8999788	1734904
7291340	7291512
2640937	6299834
2210561	7035464
1453233	7256863
2111964	2115103
1636288	1646585
13927068	13930901
10689177	7706230
2868464	2868723
2254571	5855823
3969237	4341024
1886292	1917535
2799032	2814862
2064622	405347
250046	924754
3172312	5946651
3327811	3447996
1663393	4866929
1886219	7256473
1553526	1656700
3914667	10781328
953198	4115672
2795322	6780714
2148527	4860588
403046	880488
3738414	5596967
3910802	6677170
322616	4685981
30095	1351064
6049666	5574707
288747	1732290
51899	5252608
2195160	1227749
1816125	4945461
1075109	1277382
5366097	6299818
6900628	7089910
1084197	7089873
32569	5613907
2271895	6096165
2011362	7968028
3168253	5595214
8912807	8924414
2376257	5621185
1050988	1227736
1648291	2917127
257094	5949924
1984328	1236388
2405817	2576165
395310	990391
8847649	8847660
7255045	7256605
3822079	5190414
261418	1669338
39488	7067265
2271948	4992184
1201726	1201693
3819642	6956257
3905785	9817920
1841620	8026920
3350120	7333880
3736540	3802102
2167331	2166965
1895	1236410
26783	5471718
1659	340352
2891628	6781459
9259837	10006268
815138	7943289
3819010	4490820
3907617	5051433
3907616	5051431
1042322	375134
872919	872920
1898274	1900270
2115553	2134032
1939683	5472919
2467048	2469152
4496253	6994879
555297	5918857
1879781	1879903
11917648	13611896
1652307	1653580
7443083	8057708
11810964	11924296
2163192	5180035
4862950	8825867
1385	397635
5042007	5045142
1580799	1586982
1801645	1801722
3168089	4772238
3636216	4532927
2273746	5550956
1893625	4837522
8916447	8928564
306226	8238077
1107991	5642217
4502859	4886766
25289	1571869
906765	1228046
707934	956510
1776619	1779552
2549197	4818169
3137084	3137351
3331101	4745430
2274033	2847282
2548895	6780651
2549175	8060460
2208472	4837827
243390	7271943
6261635	7266998
2018753	7441798
298410	8220415
5997579	7306042
252851	5917188
3109428	7491651
2327226	6299027
2375888	5613895
402881	999867
2389893	4922588
2014711	5509009
6218255	6218254
262301	1480907
4496995	5041697
2663011	5616073
3619737	5610126
8390110	8392452
2396	1426107
8593832	8722080
12822952	12827089
5610756	6823321
3906900	8063279
9044108	9079548
1886402	1917254
4499543	6405965
1954269	4848354
21267	1212917
4763460	4764145
5228926	5228988
2283744	4819282
1127439	5322478
2203815	2086868
64527	1205171
2217883	10764258
20391	380391
1646286	1646350
2267196	5109685
2147	1707769
618144	1707769
305593	1504221
8926356	5022073
2883735	8059247
2645457	4764213
61487	1916946
1728527	1729620
247916	1299219
35835	926020
7162842	7162991
5477142	1212886
1570112	5638165
569845	7589937
3273324	8340007
2712701	5642891
54476	8348608
3123502	6780732
1779236	1779430
9669237	4785790
2395998	8243401
1071653	7276235
1717937	1718366
1362580	1362865
1699209	1701044
1313352	9977328
2258726	5090603
274396	7328481
2301393	7816715
2030155	6941278
8598162	8634008
31678	6959292
260867	7491930
1522633	1017759
9089327	9132063
4450321	4451556
569163	974276
3735441	8495600
8388985	8392535
7241102	7261772
254601	3260632
2376709	4779307
1887584	7886683
8603715	8621933
3492700	5109300
5667945	5667950
3905703	8601913
2544984	6769421
2543795	6769420
6258689	7309010
257077	8068282
2541050	2623396
3390706	8395514
2240432	4877728
1370965	4883940
6662061	8948697
4437215	4443103
3424287	6943943
2542417	2603598
1456861	1456898
2591002	2593188
8390109	8392456
54721	924700
12379657	12383543
4016193	4034788
28648	5434634
1699211	1701048
2835024	6846956
62094	2574372
2641799	6668062
9466955	8065480
9439744	9948542
5570987	5571650
977245	4726304
9016093	10608944
6799303	6800071
2269451	8561505
3287175	3416487
6116130	1197495
1165055	1855245
1829639	2059432
1148335	4603585
435084	12285244
8907581	10025719
2597818	2597909
1635992	1636002
1802121	1584223
8907595	12377505
6144230	7065808
36419	8205929
3423179	8100636
1148358	1487143
667133	4936979
2111937	2115156
2111936	2115155
883062	904647
773584	972407
2111915	2115166
2686649	1150663
2111914	5520567
2111910	2115183
2111907	2115185
2111904	2115184
2111901	2115188
7422789	12385965
434704	380535
3552554	3806079
2111823	2115251
6029106	2595572
2202754	4952485
257272	576712
495219	414997
2111723	2429585
3650019	4532665
317741	411456
561962	869089
2123598	5284981
3821226	4686857
2123583	869168
2396265	4821569
2123575	8057464
619854	1707666
2653756	2654997
29922	1198242
927712	2442381
800449	652457
5899016	5899138
9641161	11980812
1972649	4360770
2111555	4593613
1340	397627
35175	6820034
2111526	4603503
2111509	576694
462476	2363643
53035	397627
2111383	4593590
5101681	6142537
271901	10325739
4756252	5538407
1916312	1920339
1916311	1920343
2480978	4357296
2549825	4603612
881771	881773
3845167	3845411
2123497	6039038
2202941	12010638
2203028	11787910
2203406	2474572
1230470	12002111
1169990	1313319
322610	4685981
279284	4182459
1241712	2418912
1126543	1064880
571985	1418690
16300	1205202
2245082	8561641
435774	972619
8945645	12617807
274237	1810333
54229	1037926
323209	578886
29900	4597573
4877438	4877459
433689	1205171
2245276	5596532
69770	8204880
3443070	3441878
1495908	6781156
1977709	6016981
307764	1213851
1735075	1735089
2436429	4771804
610139	8926501
293936	2653084
1553498	405230
1911975	1916063
17421	404981
4645980	6039916
21124	1066251
257373	4442973
759379	1388535
2245753	2616516
904789	734731
51142	347684
5840439	5860911
51618	1212943
444986	985230
322125	12417132
2246010	1558047
8595136	8649195
1474622	10683464
4986153	5028218
3330160	879282
254072	411538
6589365	8773530
472431	3102996
1098495	5131104
4621286	4624393
415514	4979382
29721	7005075
698858	699107
1890914	2094369
71632	2044281
8918323	8930710
3736884	3762482
5839982	5994616
2208339	2856979
2818681	5624017
257494	411552
5851077	6781166
2499071	2500523
1891049	2106057
1369175	4850594
482432	1457155
2248289	4850496
433809	404801
5852501	8226453
1891163	4821894
684389	5597023
1318440	1320780
675980	902515
26887	4580853
272548	2218731
2248807	7128388
41699	1331107
7893264	1201148
242809	4726294
2249074	1296101
1553420	1608936
486829	4821874
2249117	3665285
1048189	1058502
3428636	4508919
2282392	2611002
1894559	1909702
515538	1235296
1869552	1869561
12131198	13039136
10817650	10817887
1983783	9048358
4736846	4738169
1994401	998011
6645785	7901728
6330178	6330205
3917341	11980824
3917340	11980821
9630810	7093982
497969	1632067
4609519	4878721
1499135	4938334
410244	1296240
441964	1238050
3896002	7082953
1789253	1150655
2259479	6774448
463154	2137884
306525	1220185
2243054	4481937
1540367	1541224
2243141	4735601
2243275	6144195
2233758	2623174
2253829	11068521
1553340	1609008
1850245	2611024
2253870	5376043
274491	7101411
5576353	2179868
3736618	3781959
2549214	7482126
2241141	8055430
2241429	4696683
4548858	5450314
4765806	4906431
698966	1198221
4873618	4873530
8918600	4487256
1553297	1656868
8242304	8242306
64329	1313319
366310	9928830
8256965	7234549
28233	7005065
3648965	4388151
2742957	11691070
26416	4533580
2218084	4861607
1772515	1775577
69674	2486208
2218306	4832763
2547966	3489682
8160959	8162179
2214370	7043205
2218425	2682395
2218477	3322523
688006	2607213
2038475	5464068
2255471	4567751
3134058	8060092
3434362	5899140
8440362	8443900
2044404	4832760
405500	1064880
1886346	6780650
2684428	2705691
2617107	8457081
6358112	11808716
8315175	8327808
9269518	9286143
41817	2611018
3826923	4491170
1737240	1877055
8595409	8648699
3737810	3752495
3255036	3255038
1553528	1656704
54262	1311559
12855379	8196596
1886207	4962936
6358106	5076670
2113188	2115090
1553523	1656729
3909905	1227656
1652316	1653563
6358103	11808705
244334	2418918
1886115	8055441
3919413	7136158
3378237	3674792
427988	2385257
400546	8074061
594695	1296112
697411	519664
321497	1198237
1230779	4883975
2053918	4818348
694394	948741
1037890	1302348
2269300	4605652
1249413	5577672
1845517	1694492
2216	380502
3823375	4417460
2271363	2363702
1013092	1014212
2271384	6780702
2271393	5793917
32206	5281610
1553507	1656741
1629159	3278563
1844204	5611050
1615374	1926579
43899	955634
3151444	4451578
2441093	2442636
513545	1043791
293096	1229780
138868	404837
320890	1043752
2891242	7059551
454417	958494
38308	397685
24081	731519
16445	393598
257058	10820510
1887077	1227791
260942	957767
264478	9977303
254949	340337
8406056	8415597
1432	340337
9033302	9033307
1951681	2737363
1954814	11071045
5860571	5867881
1717	406658
252916	2610825
1121360	1220270
55767	4894390
36557	907573
452696	4674238
2837599	3206337
35829	1075676
52009	4834834
3736708	3763093
252272	1218028
1630	10007886
433613	1230332
1651005	2857039
3732792	5806748
1887481	8057279
2376574	1694137
656787	1408260
2377458	5149777
6981359	8675209
256531	1206596
740936	1215883
2097211	2098676
1709516	4740488
9301708	11134907
1553458	1608914
3820370	5986123
703078	1206528
2380245	9937048
2387493	4952479
2387833	9824706
257113	7563494
2082041	4613391
2405819	2576161
2405820	2576159
2406099	4505728
1475824	2599207
871785	5577274
262339	1229763
3917040	4670302
4500009	5394759
1841654	4833594
321870	2500507
3170726	5262223
3793674	10964054
1641947	1646437
5856386	8067249
3820186	5300306
1111471	1158003
953811	4974626
619817	1707655
2713724	1291745
1137962	1734401
2714936	8242195
139763	1180109
2548248	3490331
1194034	2634577
2332108	2332089
20288	406658
1651011	1652678
68795	3995522
1891119	4861583
2548206	4409825
2549770	5917183
1117735	1236278
4747435	8079438
1869241	1869794
2891463	6781460
55938	1236278
17103	2605659
242909	973425
42096	1275154
9059281	9102372
3733304	4489243
1725542	4773991
3333972	5918857
2891557	8057209
1138027	4946577
1860706	2462953
9713824	7049177
8921757	2826301
3913158	6677215
2345	340373
2647124	5577783
68533	1311491
3822888	8054853
68358	1320582
68563	1311493
4533458	4799721
408313	2218731
9162461	7927391
1388692	4677288
710914	2845921
2891751	4918897
1359397	2108457
62287	5126994
1662694	6781491
315861	595419
1325833	390787
1667073	1667078
29863	6296688
854459	2595448
2478232	5152185
46327	968677
558999	1189939
1786519	1786525
7847074	7847070
11647976	11647966
305682	1320647
3393307	3965346
389168	1462022
4494993	4704958
460299	2442612
2647057	3494252
61167	1160860
59689	1189975
55399	1189978
54867	786731
463308	6591051
675960	912166
955157	956326
1898103	1900398
8343280	1155666
1901816	2622482
2694026	2816728
55871	1104864
55976	1235296
2648413	6781197
540024	11024763
985108	2348601
8603513	8621934
8595335	8648848
1507894	1508634
2892403	3643177
4500471	5138880
4502364	4836081
2273787	12120875
2549591	8057206
1536849	4276220
1641764	6397528
30176	393725
1553325	1609016
11265216	11265238
1839612	4507583
1886778	8059032
17125	393640
1886761	6194953
464546	1190050
6311259	6959725
2892651	10967124
2892678	404869
1709	5461255
7485256	11014432
1515586	5108068
687618	1552744
370651	1846882
1851459	1825848
2507643	2507726
1054512	8211646
7790176	7790192
70408	875729
67978	1236714
67951	1396851
782798	340996
4496042	7903843
5001380	5311290
8597889	8642231
1276142	9931011
1874090	1146372
475766	4954535
8243932	8244138
8243927	8243896
1637333	1637583
318331	1302473
10717821	10717846
3055506	4872890
69155	996688
4306268	3322523
10696166	11980844
61991	10708642
3330996	3388174
3330954	3435231
3172811	6470811
3330998	3388170
6172253	1311427
1657656	5272154
69354	983380
2044429	12342014
1828974	1829794
15877	770603
5860545	5863792
2547973	3489868
3291235	3446180
388264	1639304
518631	519002
2547961	3489663
3494631	944174
1126768	1992374
6090842	6467049
698942	978087
3636283	4827344
8170406	1694426
12855380	8196596
3820057	5433191
415592	421952
2196959	5386102
4104408	5413410
3819135	8062174
3826774	5433188
3334022	3465957
9939707	6995277
619636	5987875
1768241	3143736
1195261	1195275
40097	1320638
5103500	8165723
69944	7770680
9033583	9033589
1532072	8069887
4104409	8069390
3702727	3703329
703265	10635883
3815121	3779554
1912211	1912104
1912217	1912116
1912226	1912135
1912209	1912101
1912250	1912170
6767193	8237843
2011462	11692593
8914752	7081622
3436698	3464643
2011463	11692596
2011464	1212848
2011466	4742890
3732044	11784872
2011395	5031174
2011471	2166816
2011473	2166815
2011474	978471
11475869	11490737
21582	381500
6080959	6081861
321152	3703333
8590806	10692950
9098909	9098918
11135360	11135366
4104406	6802968
11137455	11137464
263831	1305815
1934890	1934934
249699	375119
1912958	1916013
3917580	8128246
1543546	973353
457544	1063498
8160083	8238851
620724	3817657
296197	4937155
1923448	6214640
759358	4456185
1386703	3580863
6357609	12350889
1373	404971
619710	1707704
70960	8069891
436251	1351092
1855125	2595567
2300678	7284330
254910	902688
8282077	8288534
64310	7196502
2451991	2495536
411238	5116804
1790779	7027175
2635424	10401068
8917995	8917997
5071548	6781348
17423	992386
1304870	3795232
1970225	2456826
4759538	4811085
2239585	5126880
260758	5126878
6164859	7090041
2247230	7089973
2315310	5012464
6271836	7306406
2011763	2149238
8927965	8940018
16966	4985123
2331645	4505306
24043	2576809
254134	1291583
2376384	8055603
2243488	7740212
2376573	8055611
9630653	1775729
3913621	10787157
1647	340624
252478	1255905
1334797	6387809
8242327	8242328
2387455	4820502
5858453	6554533
3830669	12311645
852855	2105341
260105	1734390
4305670	4306007
8365584	7058374
8226834	393647
1098794	393647
1869550	1869571
1883058	4517060
17473	912279
1062745	1063458
2549143	5071496
2547922	3489603
3920771	8057849
2547893	4409809
481631	5586105
5741190	6473927
27377	7837314
6665781	8283617
2548317	3490388
2546644	2909896
1841634	2044281
499751	965805
8322917	972827
8926196	8937762
8200730	8197986
9084295	9127615
8399106	8405230
3689981	3778020
2758889	3778011
42493	1331110
2059946	6310352
7883506	1043881
6323670	6323660
5006435	5006621
42054	7868994
11157423	11157429
442011	2051865
3413025	3326635
1860627	3326635
2749412	11036787
1037258	11001878
1075501	1312115
71243	990350
54953	5612248
251941	1277033
460021	1276914
250849	5130980
3822648	8059307
460368	2353473
645010	5688634
3334028	13994584
1481754	5130980
10793625	10793638
68199	10123968
5748196	8060395
35302	3019022
24281	892227
9178429	9178438
2645441	5610140
463216	6566885
306501	4937190
2297281	5708455
2615370	2180123
9395701	7142409
2780738	2780869
1682657	1682925
3918081	13043216
2545078	8276226
2804390	2179868
1828597	2485246
2548034	3490037
2011831	4261364
2646247	3314871
4737363	4780878
3821585	5098523
1886800	2064282
464526	2421528
2199807	13768156
416946	1324294
1112157	2134019
2647318	4925574
6645875	9953125
687508	1711003
247887	5461255
1886631	8063456
2643455	5921994
3374786	3494213
1553306	1609031
1886516	1609031
3300125	12340374
3820069	8096339
4666960	4814868
3738750	976290
1527874	1917311
1554661	1554655
2288127	7922730
3529911	5578202
5828780	12049554
16299	393559
11211000	11211007
2208401	7589867
3330916	3435757
2283691	6707653
2288190	8055476
2547996	3489955
5747026	8057273
1556923	1556924
2646660	6945048
934261	4926876
28712	1795562
795220	9121999
3328115	3709939
265475	3447919
762129	7008007
635527	868833
9093760	13020226
12338100	5045132
283489	6713207
660409	5030230
3122824	5237970
1886091	2604161
3818734	6724801
69349	1555565
1096505	1555576
2891103	3494699
2891105	3494708
2891107	3494715
1556174	1810515
953212	1048426
3904448	8064496
18527	381544
2012094	2717073
2012097	2464448
4264727	6475596
1741824	9916033
1848809	5170713
240525	2402693
2288885	8055529
385392	11099265
3817144	2179269
7404446	8057163
284773	1120387
986450	988745
2891275	7351650
1584343	1588827
9922774	10198832
38327	8429021
16466	1014198
2291631	4881156
3580991	8057161
2301257	7534172
1877052	1877058
8202009	8202013
2303645	8064501
17044	417868
958858	404984
1446	404984
6157264	6937842
3618717	8936919
3729404	8055632
43145	2105883
1672900	7090141
2361278	5924245
260118	1396789
2315308	7090179
2361309	8062805
1828454	11572116
3913332	8061937
8596678	8644726
237724	734725
3168249	5076312
953483	1047618
669696	7715710
5250540	10087437
2011883	4261466
883048	883051
7521449	8055611
7521447	10749730
287622	1455434
64320	1290642
7240033	8055640
8277371	8289970
9495677	9948973
5206932	5209612
9092728	9133388
2387596	4818156
2047094	893320
2387737	5556671
1537674	5556671
12219411	12220025
286060	1734390
260298	729026
4001670	5541928
2714993	4879703
2011919	9986956
252725	9843074
10793838	10793845
2011940	6049783
2033129	3381468
261937	8283599
257072	2828498
11024344	11024805
8227194	8333574
1736413	6390864
2099530	2100082
3448821	2053840
73121	381758
252909	1396473
3917552	8060448
8926633	8937386
10545419	1132572
8926667	2192031
706889	418113
2544170	5057723
26972	3778057
23576	405319
2953036	8074187
1299270	2051865
6530835	4415368
9834097	9834096
21595	8083104
6264158	7944798
250718	5119284
319056	7836278
8900714	8900724
3181486	4368213
312426	419258
70356	1161652
5228910	7037912
2163151	3354727
2362503	10734767
25913	756839
1726024	1726646
1787922	1789155
43910	1609080
3130914	5127069
2644747	3689908
2953611	6469362
3259878	4777077
249049	5090628
2402172	5038611
304553	4952206
8242286	8242234
707459	734658
7192338	7192501
1632041	1632076
16553	868839
3178391	1428048
309022	1052890
24759	1236675
664058	3527017
1956136	3455593
6033808	13868747
17706	415025
24575	1573205
4826052	4821969
24679	10986793
2877540	4546273
2877543	3451109
24765	1236674
2892729	5425119
2083149	2084099
2083153	2084094
10684976	10684983
687562	964419
1223905	1795581
3825873	5205812
1815636	1815666
9076735	9076794
6090301	7993435
2712490	5384359
3921473	5911889
15994	3816857
4011695	8059371
3905891	8058915
3373044	8074126
4132516	8055619
1840612	11124684
3178338	8100172
10181755	12380311
7422922	7423452
1689895	1694042
5603253	5603308
70616	1279776
2012082	2597894
10733871	10733882
9623410	1234565
6033307	8058967
2102609	2103614
2182814	6378269
2891102	3494696
1570632	2597725
2175276	8107058
4346288	11114299
1866359	6025881
1885958	1230294
13409694	13409704
5993424	5993425
4728307	4728360
1955042	5119242
2314924	12775370
8603977	8621923
9928463	12346135
1860	404989
627286	920641
1553475	1656776
953445	1048309
1887290	6803145
1167465	1312073
1887383	4773964
6269465	8055448
6393455	8912888
750825	883051
2086555	2086778
2055335	2056928
1329779	1331565
986448	988751
1923695	1926497
1923694	1926499
853093	5553273
2013950	2440211
17922	999854
2541016	2623417
2543110	6574476
4717558	4810124
8921613	8922151
2713108	4886196
2543006	7262093
2544189	6780593
5191969	5192698
2544051	6952394
6220788	12342874
12376990	12384368
662668	11024930
67041	419914
2061	2418624
71392	1968444
7901663	7903890
274439	1648940
43882	1408245
2891829	5612705
39637	1408242
7403739	8060311
20567	404813
3590942	3605280
5573320	6803089
9009735	9035818
504591	8220400
2033573	2595424
25106	711566
611131	1613441
3824762	6781048
3730356	2737919
1476788	1176184
2697301	1613273
10739756	11014441
4806947	4809088
66036	1230125
38223	3814927
6110297	8059073
12031876	12032275
6344671	11080033
445014	9794931
22341	10664892
3334042	3465949
4012126	10652218
69089	3460255
3903832	8136271
2040362	3489955
15921	893447
1638591	1639226
3402519	12380311
3150866	5924284
8324530	8327909
8799741	8799771
8858455	8858461
12355765	12369043
1898408	1909664
1209992	5766632
1886033	3492640
2016596	8058944
1717668	1718421
8599009	8629291
6243585	8327866
260013	1210247
6259171	8055581
11076026	12347391
4440507	4443060
9040857	9066626
6257129	8055445
6351522	8057128
436873	6048001
8230001	8332136
2267186	3491523
2540958	2623456
1433	405333
279363	1864068
6995694	7905015
3818830	7968016
6924105	11890805
4847702	5876222
69410	404818
3904473	5541679
3458930	3459336
687842	1487170
1538923	8067026
6252451	8055587
23692	7328325
5628336	5923868
2244918	5616077
280393	1201123
18965	1220250
317830	576843
8204688	8204661
434446	1206520
666047	1009075
2730097	2749128
2230780	6176785
2245548	5616077
299788	1484066
2862602	2922764
2523975	1571699
243290	4628413
8904210	8904427
707386	734731
2247445	6774445
3488066	5138994
1855110	4585646
2247721	4973386
25509	867462
1122514	4458479
239432	576712
317796	2682346
1564517	1292581
433727	1789218
2248487	6781228
2248643	6781228
2549813	5280103
2322	380504
4494619	4814357
2249490	5596991
13977623	13977678
27455	7005058
3917339	6993898
3734753	11037697
757502	1063479
2252711	2620530
2243073	6151273
2243101	3277247
2862625	2922742
2243509	2816767
1371823	1653697
3919424	6759514
2241105	8926610
1911904	1916120
2421103	2421505
2241622	4992140
2240583	6774489
2240634	4850457
8603473	8603490
1886819	4372408
1886697	1121973
68433	1331733
255212	979057
1690476	1693959
2218311	4837471
69611	1132677
2255134	4772037
2255154	11272143
2255224	8784471
2255333	4613400
2255367	8057910
3911972	6780652
2255381	4974433
9167213	7312697
1752568	4818169
2218460	2830091
6352725	5577911
3239003	5184813
5535606	5535614
8596637	8644744
243195	8202094
4089994	8220364
3143776	7310231
6438415	6326768
12191496	12340919
2951853	4490177
64083	6015504
7269162	7269520
26445	985145
257062	7080040
2291649	5404479
2299536	2595227
31353	6464621
8890095	8911721
4743684	4810021
5592866	9681755
3909762	4677176
3918184	8076042
4499595	5612787
2407813	5612995
8240903	8329755
2544967	2595591
2544361	7275908
4793887	4795394
1456812	1456927
1704237	1705306
1897730	5230844
3905978	7288515
8596779	8644012
813418	5095800
46688	1408275
1907930	7744568
8618987	8621650
7784082	8926512
1829130	1829742
1829127	1829750
706384	1148572
3164405	5616110
6084358	6084527
3824601	6803040
8232896	8330212
2863006	8495606
3314992	9801858
632373	3704797
17259	3817645
2374877	2375081
2267381	3711384
10873769	10873819
3312220	7303871
4665602	5409762
1777602	1207566
2234886	5116873
16230	5642280
13875692	8196704
16253	3816923
968302	971734
8253058	8309166
4012964	8495589
8902224	8904396
3735516	6958511
8344956	8348669
2474	4989621
1077733	1926454
1358547	1143357
20128	1920594
990149	994186
39996	1139596
8984564	8980285
2203294	4850232
1147423	1147425
28159	404839
2562813	8472740
5179702	7342351
1553438	1608899
1589714	1694578
1806706	1810470
9594	1084463
9853901	9900370
31476	4458767
9367453	9370445
1726093	1726627
29830	973316
11171807	11171821
5068206	6956479
3916138	7082982
294698	10625041
303828	1691167
3730327	5236469
29612	760642
926934	1255934
253381	1143894
1829535	1829699
2301929	3165886
8415229	8415230
255224	4686666
6898379	7090069
6269594	7090047
6666970	7090076
8242243	8245684
1634883	12345462
2360474	4922524
8889914	8911827
257806	5014593
8926395	8937590
2377650	6017489
7154747	7154745
8926291	8937727
3706153	8238750
8236791	8330007
1961805	4487529
4809577	4809884
2544870	6803159
2816367	2816425
254847	3490255
517888	519076
3619959	4535281
3734315	5987647
5938061	11119466
8889416	8911981
2269342	6034929
1203169	6957502
8238573	1005314
3907312	6129831
12378335	12383586
8902673	8904307
10706793	7045210
1390144	1312571
2099994	5197319
2788450	2788436
2708773	1900299
3729237	6983562
802164	1392805
8596475	8644775
4904909	6959438
8229971	8332183
1953117	5508995
3917812	9984219
3310830	5608443
1554714	1554711
3096846	3762385
2691830	6390368
36776	2092147
3907478	6781843
10248492	10984779
1790822	1792297
403283	1795587
8595997	8644977
1825398	1825575
687832	731523
2644184	4912341
4493678	5509000
6267096	12363043
68913	5702201
3335701	3389664
1886374	1917401
1884589	7288007
2264611	7527314
1886327	1917455
2244964	6314519
3201511	3928286
354565	579003
11685219	5993707
1256136	5033632
8476930	9982157
1056416	1056428
1654215	2150465
2549704	5028293
360558	576809
1357076	1204957
2251172	2348594
2243562	5037218
2240832	2845897
15918	421944
2649060	5261724
2218463	2967400
2643031	5230844
29622	4833234
1775181	1775386
6795002	6795437
6983564	8473635
256128	5034317
3209804	5052550
182520	4742649
1694709	1701101
7095860	7099968
1421916	3626662
8338449	8339983
251285	5626533
6742816	6743074
9642555	8570617
250209	8500969
3114284	3114308
284315	6958866
8267219	8294573
2541440	3198286
5798706	8938893
8271989	8292404
17704	5976500
2539399	8511742
39578	2962602
43935	1408271
8758484	8785628
7441851	8061844
7473692	8067807
270083	9824871
7008336	11276693
6581253	7895881
9093468	1142012
2100005	2101978
8593220	8729444
8594032	8721989
1056713	1058402
8594975	8649552
3821924	6774180
9061830	9101559
3638788	3640127
379315	4401808
8979297	8979416
895945	2830327
10352624	8456986
7227634	8198108
8230227	8330223
2362226	7897611
2375761	4305570
1609397	1610512
2380236	1324178
8988167	8997565
8277619	8289020
8269288	7459106
8365592	8366528
3917715	6567433
8264645	8294623
8230208	8332056
1106300	1158989
262039	3089043
1830551	1426107
1553426	1705329
32448	12054314
954073	5170662
8598641	8629476
6247805	8145502
8597024	8643752
882834	2136160
4731126	4812352
2641576	8058907
4918110	4942676
954711	1001681
1886409	1917339
3636243	8065295
7730235	7730803
11616436	11616468
4017343	4401308
854090	3394073
3908247	4887170
70662	7063967
23956	970499
4987217	5007860
6061748	6071606
1054586	1058442
2258477	3690448
3377103	5903424
8419186	8419718
382026	6310590
4713350	4810604
680408	1394546
6738100	12042716
8365593	8366520
8277296	8290006
5804234	6468417
1499580	1501224
4914329	4938360
7228013	8058989
2323255	7262089
3904627	4670272
5272849	5274242
3760497	3763295
2466951	2469164
2374131	6937427
8264606	8294671
2652892	1324178
10140607	1331565
2387295	9945532
4132580	4136787
8988168	8997565
7137314	7459106
8276468	8291694
8267220	8294569
1961354	3193920
8282076	8288539
12822873	12822877
2541047	3994172
831343	3994341
13777250	13777874
9089387	9132051
291413	2187002
254868	6558917
2542400	2603626
5850940	9824832
1934747	3703248
4980987	8093924
3916418	8059288
8210696	8210700
2013037	4989336
240075	2051867
5000877	5049049
408988	5976500
9041966	9041968
12376989	12383600
251938	5981158
6910033	8063122
1035117	1799544
25774	879815
9854155	9854159
12108229	12110474
6192358	6199058
1580041	1580053
2908725	2909967
65114	2038334
42498	1120542
8324564	8327882
45418	1322673
3680264	9953170
43547	1062593
251988	6459280
268660	931944
2641724	5409666
55609	2617141
3313038	6015507
8902531	8904336
9054981	9090030
9471970	12199148
17085	1174807
6082815	6083035
9181541	9181544
12330743	12340064
3494805	3494820
2013687	2460733
714978	1006086
9773567	9773571
2641394	8076150
8647523	8659164
974181	4690816
8896827	8896837
2156272	3195714
2188712	4993501
12369194	12384526
43847	2179277
3908268	8232801
6708324	11215108
25210	1230143
6351770	6554479
69044	882442
2098381	2098649
8990553	8948180
9065211	9065220
953233	1048418
9069045	9069057
49747	1120378
9778974	8066957
34313	406524
1808153	1810388
881808	1571210
5806798	7744221
283672	2853768
298908	1331679
1205607	1207165
8202726	8202700
2168994	7088717
308626	7088711
69622	2417959
8419187	8419718
11030799	11030802
704410	4952112
418750	418779
2546221	2672524
2208522	9851535
8277633	8289011
2361146	6993978
6263153	7225411
5879593	5881750
2361196	4810737
465971	7090118
3562525	3654765
1393912	1394314
5117753	12668882
27371	6377572
3330172	6006180
2253642	3642482
2755176	4462968
2229159	3942732
1498981	5132219
1553469	10008380
8881023	8881035
436767	974340
1556799	1656671
2388217	10127525
2390846	8239645
8355755	8361392
2547923	6828727
3918990	6470689
1305117	4858657
2293568	4858662
294269	5919526
4735289	4813982
2012504	5918316
323095	1396713
3596758	6558944
8240441	8329795
7217450	13572472
5104545	1291723
8250843	8324378
2361911	7842857
38388	13934914
2425	418132
6687202	7534257
8200745	8202040
8200746	8202031
2358964	3763295
2359669	1656783
1738620	1146586
10054485	6396852
9996709	3054827
5850953	6971127
2891709	7351992
9095229	9134535
266658	6473460
72800	728049
2091206	2091775
2964430	4759522
43302	1019111
5099604	8064504
727812	419258
314869	375809
311928	8102028
10844412	10844414
4017257	4031217
3361443	1648745
2064854	7090149
1256793	729205
4889931	6803185
3528476	6803115
851942	1021102
9046765	9077112
20255	4915369
11126842	11126849
250503	4894274
1680999	1676489
1579041	4894199
991997	994162
5454829	6936640
9076194	9120076
31118	5670953
9041509	9066502
3904510	4508488
3200938	7657838
3151210	6060049
1588879	1588882
4015862	6536343
3738886	6781849
36066	770678
6062376	12350190
7868758	1176184
1963031	4727904
2659583	8316155
1681408	2574188
2737394	6475641
3906181	10774555
3911706	10790362
1655584	4833759
12382315	12383001
2542106	8065596
70611	788787
505870	517585
1954264	4360746
438573	869316
1972617	4848363
1860739	879438
872936	1201250
4771556	1201175
433754	1198219
240634	1150743
623565	1360014
2428954	2434050
2123619	2123677
1705	1220155
1488133	1489012
325435	897232
241077	395733
387428	3211342
322178	395112
3910669	12250812
1777435	5184682
10010723	1204957
1250350	3812053
2242977	6781426
2111253	5569234
64496	4881015
2107682	2108367
375822	6817181
66989	1002391
2202766	12008684
2202897	12010622
2203206	4837363
2203355	4948440
2567839	2569210
243262	404891
6767189	5134300
6356913	10325693
1886297	1917510
3731897	5844654
1651085	1651090
6040401	6044661
39374	1882784
2270310	6846946
3970249	4341022
276452	5981851
2178006	2453895
3636297	7058319
275263	748872
2951875	8060142
3334026	6781509
16472	393591
398525	1412807
854452	2595446
8595744	8645066
2271728	5034267
490881	12548758
905887	4572259
1887529	5122223
2998693	5613164
2377661	4820549
5265483	11683158
1671249	5034231
878008	4459669
5859810	5872155
528551	3173431
1351544	6950434
1890916	2096480
851091	3263119
321638	576759
2548270	1056408
1090381	4889092
10826476	10826479
2548261	3490344
1728865	1729590
32716	1571442
1211468	6995444
3907722	6163843
8927675	8940215
2343128	5034239
2085301	2086810
1648309	1648665
3735969	3765069
3818795	8054977
499617	405358
3907615	5051425
3248551	8076078
66059	980737
2870866	6475980
4499333	4505674
4872232	4873613
5758079	7531040
1702449	1715489
3313117	6013101
3241646	5270285
2273764	5610085
3110054	7943328
4012557	2363036
36517	2104164
4498170	6308834
3819941	4489291
1475329	10746325
1495862	1938572
2647265	4819075
4496313	5047842
4497329	4931952
1447820	2175982
1806301	1810498
3330962	3389161
16250	393534
2547992	3489938
1777421	1779499
1103158	1320509
2315184	393588
2719350	3551064
1877069	1877072
3907733	7730200
5422657	8064494
9539961	9667551
8202073	8202072
3287136	3416568
8592632	8757864
9401392	9404212
4017252	8548236
1717863	1718379
69743	770805
7388529	11997333
3830553	3832263
1694710	1701092
260864	7090101
2092606	11068442
2057805	5612823
1529653	5132300
2362230	9859084
9950217	10160782
3668738	8332296
2361709	6743074
10778478	2210945
5244885	5586360
4850980	4865833
12987509	12987511
3917218	12546493
9009230	9036309
267873	1691212
7476271	8883663
3918247	8063592
10276600	1608473
687586	5095948
1886403	1917271
6898725	8626113
9709934	2849743
8938898	8938893
2166219	5577451
8277516	8289920
1671940	1672149
315916	7280650
307626	2104142
1109699	2440679
6049470	6536456
242970	7054772
456635	405358
1723981	11758988
4700459	5052450
1886801	4437458
20131	12364629
1877250	4717261
3358891	4937953
2437749	2442765
1553535	1571311
1886329	1917457
3636518	7052609
12376998	12384363
13764609	13764613
4799237	4799970
2474190	3689627
2547957	3489659
434552	10871196
2258156	3692874
1096509	1175156
1912222	1912125
1912240	1912152
1912221	1912122
2275175	5473616
1533764	3246111
3916720	9930263
4494064	11561337
8307699	10056799
2458877	1204990
914047	1541335
1323920	1326718
8597034	8643687
8772144	8772167
1582010	2732118
3446745	6011407
3151414	6310376
2099531	2100078
1137965	1734401
1354298	1354321
1887122	8202003
2281698	7345586
2246709	5184833
11442396	4780920
8927928	8940030
3405459	9134661
4694950	4810307
415451	423921
11656100	12350208
308904	2082378
2360401	5885243
2645069	11322359
4256017	6394319
4666471	973351
11232400	11232995
8338447	8339989
5338680	5340138
254901	902686
4091865	1869571
5067374	5067383
2548386	3490429
2547910	3489552
255134	1412383
4819418	4821389
6440350	6570348
1936440	2053844
8226952	381758
3191829	3192330
1837978	1837987
8925836	8926637
4887839	7707757
2276491	13572472
38397	942502
4062868	4064884
8926374	8937608
8972797	8797573
2545961	4533607
704749	1001951
2543449	1822691
2358915	3448348
6126702	6814884
8886326	3942732
2262852	7583176
3330430	3436028
2764444	1291745
1651	893383
3730764	6386946
6050191	6469576
806942	2696317
2276555	6677210
2098942	2100104
1418900	1652188
1503467	1161776
1039389	3665304
39949	2179266
3183441	5642874
319248	959326
3403451	3965293
10708640	10708642
38525	1341105
5366368	6794045
34612	770627
2534598	8076021
9076311	9120066
3907970	6678096
2891896	9126546
3819991	8060086
3795102	3803722
2042264	6109640
35639	4929100
1972601	5874908
2807565	11243657
306429	1312490
307271	12915838
55484	2617015
9054972	9090081
56994	4902680
8597839	8642257
8245647	8245646
9039611	9062742
3313140	5126709
4815567	4821511
1839599	4821511
3312568	5350351
2953841	8057647
6261992	10780143
6646080	8245070
255332	1174835
1012692	1014222
679856	404821
6864783	8632487
3181301	8173371
873573	886191
7046379	7048472
1841534	1150511
4728691	2166865
2546269	7308478
394891	1069451
1886608	4925478
1629802	1630122
6271206	8441582
1629804	1630127
1346400	5126810
472734	1234089
69105	1732039
15904	893437
63398	1279758
2011725	2149257
40389	1235257
1690465	1693972
826488	828948
7544898	7553972
8903634	8904088
1886418	1917317
4384240	5023030
16387	7492011
8222029	8221975
9666196	4525983
2543277	3492432
2543276	3492427
3342774	8059998
3347152	8214109
4502008	5204653
2954715	6388146
4305466	4305490
2547988	3489931
3603805	9930985
7364450	7364456
2544466	5988894
2543260	3492391
6128540	4517986
5076054	6152380
2111954	2115142
1972637	12382951
20405	1205002
462430	731217
2203600	4973669
2549833	3446402
2202815	12008710
2202945	4378588
2203038	5031171
2203054	12030371
2203085	12016382
1641963	1646444
28138	4603689
2252712	2621044
2047619	4833364
2241104	8926603
3538465	12039611
5859825	6176833
1167039	11691106
6786239	7234871
5715987	9181412
9201067	9201074
3327769	3449486
4133499	4912251
1886248	1917578
240229	729688
64405	2055399
10054418	4115672
2029928	2029937
2029929	2029933
2258152	3658216
1761849	2192304
1120106	1120107
3819944	11591670
2050551	5459365
2011360	6780679
2260603	5073596
35486	913001
4813031	4813051
7934361	9942916
2270493	2585542
10767371	10767382
62055	1201956
1776533	1779587
339238	340737
21294	1200025
4567919	2687769
298565	3098862
294752	3386184
302396	1236243
289834	1305299
1547504	1656877
3605394	3605405
3737954	3762401
1537003	2840221
259069	1108747
1769470	4821894
3823166	4853184
2300215	5052924
2917718	4671426
3994494	3994515
2081101	4886743
2266936	770651
435194	576899
2376653	6953005
5858220	7895901
773084	773083
2368090	2368093
2262664	2468671
588908	1234937
2388097	4696772
3199932	8068411
430200	1734390
245159	1613476
5958269	13961358
1666496	1667155
2271971	2424037
1125541	2605785
2548369	3490413
2766899	10009894
256984	1342057
5171722	8153150
2445198	760642
9089202	9132088
2171252	1252091
2547718	4677228
3314386	7582763
1079842	7582765
2549041	6994860
8928284	8939851
2548192	3490264
5877286	5884996
2297251	6393688
1369187	2149290
8916461	8928545
394821	924733
403383	924736
276985	3777979
6703639	12343756
7067310	7067485
37840	394319
2346078	6910400
5979459	5979468
20384	2274763
1640167	6958405
5603260	4811217
39010	1311599
3084165	3084168
2965419	2966227
3913203	8067821
1627253	1630256
954144	391310
2648472	8054898
2648072	8054868
3818613	8054835
1671948	1672138
2064705	5886727
16996	401083
1276143	1277033
280175	1444357
2747281	3651401
1648504	1648619
4942545	4942672
38830	6952999
1813901	2462182
4660515	6539004
2436437	2442776
6799036	6799138
1876966	1877097
1478351	2144823
311741	390787
4628633	4638135
3735815	5496013
2041	1072468
321441	1161248
426398	1140374
8511224	8534337
2307044	2828941
3037744	6017481
736614	1209909
1714137	1715303
8188235	8492128
272636	971575
1183842	4954212
4397561	4814267
2713630	384795
1690585	1693880
395841	1373351
1898115	2615911
2137244	2139270
320193	9921953
249493	8773346
1388963	4803180
249415	4936735
5866399	6129368
3033082	5973315
3408847	6943762
4502766	4799529
262958	576773
249118	8469556
4496272	13746637
1886817	8238079
1169786	1234084
1886804	2139586
1737465	5228957
1650184	2096575
6265668	11419105
1797707	1799537
294312	8238075
958824	970269
3636486	10272631
1654046	1052878
664250	2134019
906692	7500479
906731	2699199
906769	1061616
906891	1789211
280089	1052954
16881	8106547
3821614	1641973
687674	1200129
38025	1279756
3859402	3868910
1122209	5622277
8240796	8329790
430138	2610992
8865564	8865565
1870859	4876741
644992	6059861
5979442	5981970
589575	1301515
6645822	7901793
2547987	1296299
2548452	4801299
16314	393552
3356059	7908349
2837321	6197271
434308	1006382
8889478	8911960
8936784	8953915
8596873	8644711
992090	5638120
2573472	1484190
5715226	7583809
9165243	9162125
1728534	1729627
3809178	3812439
3809174	3812444
1747294	1708559
6245368	8208729
1667931	1669365
2538790	8568845
5285823	12331998
9089195	9132091
6103744	6105512
8230222	8330226
2360516	5129274
2408484	5311340
2539867	8985081
2026596	3526675
8511091	8534625
8901264	8901266
1779247	1779416
5398452	5398482
4806778	4809918
8341473	8343782
2540434	3394074
4645699	10790896
8593434	8728898
8902587	8904331
271113	728184
9770433	9770446
9802998	1787300
3456817	3456822
1184694	6564734
9944406	4905852
8238626	8238612
10760188	10958037
6793151	10736870
8592675	8759130
953290	1048392
1717649	1718431
289062	2666366
1789088	1792385
8634805	8659723
1324764	6992094
2451993	2495347
3732525	6719437
4572173	4572209
8234823	8926526
8162678	8238848
2977961	2978117
7496999	7498726
6790073	6794871
32134	4963006
256074	5638165
4499588	11037528
1777	2713807
10960382	1592832
1078016	5642229
8200705	9081385
514714	2778476
10080979	8457141
6860962	12345709
1824280	1824374
4081908	9712612
3396786	7968076
8665709	11117624
2891112	3494732
3738796	11257673
278422	1186933
693776	9945546
1181567	1571301
31428	7908458
2439784	3451117
8190625	8206161
294590	9945654
2291645	6310572
8238411	8238475
8599739	8627126
50985	6993812
3729066	5509003
4429469	4437380
8200654	9931994
8226831	8339653
2376629	5874911
8365622	8366442
7199786	7199965
8264290	8296940
645939	2094389
1961254	2165237
5213810	5214988
5860766	5889576
8230012	8332118
9080279	9125274
39499	1396634
8933017	8948523
2540929	2623480
1915923	1915944
10761306	10788403
10006093	10006229
8936871	8936877
1613136	1613145
9711154	9711510
2091198	2091793
1198616	1200455
8233443	8330053
2121208	2133977
3065763	5016066
1096342	1108337
11164178	11164190
56726	1021166
1951401	7083329
7132377	7893993
22745	4825148
247866	2436247
1876653	1091681
8594969	8649570
3903960	8058907
8600235	8669561
4870633	5974900
6529338	8485195
1919	417849
8324568	6594340
4872231	4873624
26456	6183572
25236	904244
2891147	5034301
2265829	3186464
1434561	1469029
8400743	3263119
8933052	8948297
6614453	10098818
3918314	11063604
4918128	4938351
4793888	4795397
260859	7491930
7451918	8632413
1961766	5200147
8597038	12054290
6788749	6800535
3826825	7330442
2020614	2021003
2543489	5612630
1891120	6970289
1543635	6958783
8936746	8953931
4984708	6759640
2360653	6959251
241502	3062008
5098207	6958258
8618721	8664376
2082943	2084086
11561156	11561162
448957	6954227
1507268	6095752
1413643	1428061
247918	8092268
1417113	4952136
3052866	4837258
248031	5642271
9413326	7078249
1566323	2434129
1886421	1917306
8161337	8161798
16281	5536668
2583424	8205247
2283687	4275089
3444920	3446150
7222050	7251398
1123494	879438
275292	1546684
2733313	5349481
4591678	6984442
1934796	1935000
1417464	1417465
434258	773101
24960	4603677
6867747	8566958
2245289	2456426
8869249	8869252
4401087	7292437
1791288	1792295
400048	6195981
2862601	2922764
2025437	4973338
427031	1602361
1323916	1326722
433472	4357344
1634981	2106021
1634982	2106021
2751463	3318945
255939	1205218
3330306	11600370
615162	1707801
808685	1732289
2247727	3276826
2247790	2828563
1356958	1209904
574158	1235311
790044	1379034
2648808	2849245
967876	993448
2248288	6314516
252193	421901
1623505	3805554
323844	1296118
2096096	2097117
10538125	10515867
1897731	2363742
2249124	1151161
560933	4800546
2249313	2720164
2249369	4837893
39748	2213850
41894	1201162
8595313	8648885
2007904	7315502
599232	5028315
27144	7005056
32718	2716415
3648136	3444336
599172	4974591
2249839	6135230
456651	1201141
2862604	2922740
2865319	4677163
2870519	11244062
311506	390787
4546716	1204957
1341555	4930305
42520	2469344
2713782	1189992
1188355	8486614
2094637	2473699
1225243	4534741
2251268	4508503
32712	3263027
2243137	6068565
305361	2418939
2243643	5505302
2243659	5282207
2243697	4887158
2233709	2668746
2233711	2668747
41719	1319232
2169454	4959792
2241106	8926616
1458294	5290766
3804821	1378993
5853179	8106230
1893668	4974536
9077059	6937544
2241605	2453289
2241639	5028289
2240588	4902701
2240594	5132230
2240697	7491908
51011	6937571
9844717	9850100
773175	397638
1886702	397638
67082	1222433
2234097	3802086
394894	1061484
2254894	4806725
4332413	13199690
2767994	4637015
18073	786770
1764504	8926588
3462702	8095525
6022817	6024184
1311	397596
2547991	3489934
2547984	3489918
1895622	6774377
1360539	9931000
6350837	11970079
6350831	11462521
1847850	6134142
3328112	3709957
269297	391834
3328137	4799970
5165089	5172488
11737064	1236115
5930447	5968193
10042641	12344968
10841053	10841066
685950	1394346
2698874	5190480
3043096	4897621
1835173	1838108
1528888	1138698
3909857	8106242
31329	1153755
655792	992366
436419	1249838
2513717	4374890
3723792	2500704
4719914	5973655
8210566	8238756
1096476	4552558
32110	1236655
8928069	8939989
263601	1143151
8344996	8348582
8227342	8332241
8596217	8644882
7561949	7561948
6474892	7856899
262310	2094015
29009	5257291
324174	8343816
48709	391537
71094	2301038
8926662	8937344
8264198	8298984
4498930	11069079
8388896	8395476
5257140	3802113
6666630	10781387
2044613	11072547
2542362	2603677
3739220	5313117
3826168	4401790
5451977	5452082
1729053	1729575
28369	971727
3219228	4686799
5860532	5863789
4597974	4602287
2396238	4820799
12823370	12823371
68789	952898
5181154	6847749
8598351	8629752
8596382	8644828
251943	1009087
2091191	2091798
8596803	8644004
3191991	3191903
5049004	1863996
5850557	6147198
4809300	4809907
2670816	2672146
5389041	5389133
10314597	10314605
24622	8561650
273101	3163187
735361	762708
2891963	8105943
2892041	7827926
1532554	1428076
8739343	8785645
11030151	11030156
1182617	2055523
2712804	5101825
6175244	6176891
305747	6144133
55879	2617139
4049073	4887256
29777	752757
20452	4424394
8596828	8643984
5776790	4844251
8271850	8292459
248391	2562032
8555428	8561607
3310085	8059293
3368205	7821752
2776973	3522103
1886527	7002655
2383	3389492
25734	1576676
9225512	10799480
3809147	3812450
62644	1322713
69932	720883
754023	1304288
1578630	2815693
15830	380496
3372948	3757196
2545051	5302524
1714815	1715250
5964663	5969821
20379	1201164
2244938	3337526
2244969	4894369
2265819	3704154
579098	897404
390924	578990
2258202	3655278
65615	4773458
8596170	8644908
433515	1211856
953286	1048400
1885965	4641674
277972	397685
65918	4628357
2873032	5820430
254852	1162154
64025	9816972
695250	8926518
2245935	6781340
1822875	4833356
2248217	2595446
5852213	8105995
2248297	6285460
8918753	8930496
5852955	11679962
2248327	6075453
1638142	3386163
2248417	4493115
507341	735012
6575693	13043552
2249448	5926215
1276	419917
2249566	8054689
38533	920031
2155165	4681379
971760	1070422
2252705	2619437
3272041	4905074
306184	1070430
2241107	8926619
2241128	3847383
2254506	4962206
2892667	667050
5155111	5152528
2485295	4704446
1886591	999732
2254704	4962334
2254998	6405942
2854682	3188768
2255332	6400606
2255366	6475679
1895607	11111810
10501220	8161808
2218397	1810498
2218452	6727800
6080733	9845331
1211521	5603279
5212504	11059745
1744721	4657677
285928	8960914
7043452	7328238
2543223	5595188
1799665	1799672
8227133	8333651
8896811	8936099
1065448	7109950
2719682	4833215
6845015	6845523
8634790	8785744
3590926	3605275
8282399	8285278
2719665	4833179
2060067	3757111
3181828	3757176
2752911	11733707
21386	893331
289398	4508538
8227014	8333761
8276995	8290511
254616	5200154
8200556	8199115
8933048	8948367
68815	1396571
8595659	8645111
12379658	12383537
2663105	5941514
3456666	3457003
9531830	1519461
1200081	1311993
7838191	7839393
8238367	8238503
4943596	5498604
4680091	4877750
9778802	9766404
1184647	1202003
11484877	6299270
2103105	2103599
10006335	7101062
415443	423932
265616	2096413
12376997	12384363
8829181	8829184
3334032	3465961
70290	4935829
586041	951458
7932634	7943025
1256377	1462031
8190299	8191014
8974774	9823160
3738450	5618851
2891111	3494729
2012613	2139330
2011468	5030873
10075514	11910374
1272501	5222164
7521378	10696867
7521555	10696867
19047	972823
953276	1048405
6286688	6286689
2821272	4935833
1579457	1587081
4306290	6570290
1491522	1491747
11201966	11201968
6025401	6025821
1553495	1656752
403115	1230311
1246970	1246975
257119	4424301
4529980	10787096
845543	1718384
319791	5626529
322105	2096570
8931072	9133659
8406035	8415628
4652698	7055203
1140185	1237585
256797	9977311
787751	8632594
12345826	12386485
8244362	8329070
10803890	11170663
8928230	8939898
2276068	7089978
2276073	5127113
2067526	7089957
1665039	5139070
3919001	8076586
2330097	4819252
7772551	5042068
9249120	9199016
2837214	3463895
2375774	5979997
2376161	9751892
6563227	6564806
2729548	2833064
2275686	7331585
8634797	8634799
17073	519626
259626	978458
300395	5898946
8240907	8329740
4666818	4810244
1961723	2700513
3733290	4489252
259295	732397
258665	4388483
2547916	3489566
8927645	8940230
2684322	5121144
9489119	391537
4472961	4472969
13106935	3983263
2116390	5015057
8926645	8937370
1970197	5184822
5858513	6758208
3727917	5979448
2860017	6756672
3619125	9647475
4980223	4980227
3910808	8324396
3377084	6461079
1723832	8899091
1364558	1545599
449181	869183
5975097	10926118
2641960	5262409
480075	480949
318891	10734624
8594659	8712002
975489	4726311
20334	893366
4758403	4811033
31522	380428
70355	2133587
61464	3122078
39031	872920
4888495	6813854
2569008	2569110
2471085	5560404
71676	1011750
2644069	4764213
8341452	8343891
8921716	8922127
68539	404262
3912501	6555995
4014235	12481003
60758	1120563
2276331	5639538
2713225	2717118
5093345	5092407
317702	5918138
8243366	8243382
4657446	4657451
8282428	8284043
1702324	7247351
471423	2982045
2144592	5045404
3930985	4531095
4918955	5813731
3115541	3139292
11883107	11884579
5826276	5813731
3309911	5350351
24698	770595
70402	999767
380257	380385
1772509	5506318
1156571	784903
61271	2464515
1879553	6054124
329612	404821
871749	4421581
1825	405098
9437304	9437753
707417	734713
9601	393511
1815765	3684814
6562168	10785096
2047622	3463897
2547995	3489951
16514	2219123
2020560	2021022
11897074	12147803
6099023	7328237
9360462	7269677
2402270	2403529
1628569	12548580
2543253	3492372
3831470	3833997
5603302	5603314
986423	988763
8594461	8713650
975342	5642092
62630	1322706
9728722	9728725
306416	4833249
4135017	6329011
7117636	9226580
7886565	7897486
40994	4833154
19229	9667564
953103	1054290
9077269	9119778
9041535	9041540
34840	1592923
8197027	8197075
4134444	11823213
253590	5209698
10067828	4678433
288944	6568755
8227013	8333768
8238369	8238508
2374755	3494354
8277122	8290482
2253322	5095996
8903887	8904065
11358096	11358173
8277599	8289416
8267293	8293708
1938908	2094121
10042386	10039648
2670839	2672161
308617	4445435
8294768	8296509
8285363	8288027
2542361	2603674
8554000	8566477
11074995	11082025
3600815	3605233
3573778	7448226
11242247	11242336
932513	519317
8389169	8392490
10746444	10746454
20544	992492
1126732	10790896
8243372	8243387
8594173	8719501
8598144	8634037
1669986	1784701
10655563	10655562
68914	8145035
4758227	4811037
6789939	6800584
8963082	8979187
3938398	3938621
3063953	3215979
1768349	1150711
6102410	12316948
628213	6201429
6121105	8144809
3628784	3628871
6004026	8887849
3613319	8299661
13026221	13039941
5723528	6165573
8190875	8188257
4606529	408120
6046863	12316941
5008657	7901835
4838261	4936965
4468677	4677147
2755119	2115238
1747561	1150783
2083030	8237870
2739031	1146132
2111963	2115110
1333514	1139672
2111944	4597691
2111943	4603521
2507309	7901827
2111940	4881073
2047589	4881029
6401272	10963589
2111934	7843451
2111933	4597688
1972611	4360762
1099600	5400871
2111928	4597682
953247	1048412
7910336	7910447
2111902	2115187
2111898	9003163
265500	1321054
1972621	4597553
10928245	12540319
4769344	1198182
6116234	8007191
5733777	11498509
426950	404951
378524	380570
4625806	4865601
280203	4357376
6456391	7084586
1913083	1916010
37616	411445
1913092	1708405
36125	411597
4008835	4938307
319990	5993614
20776	4572200
1581080	340707
1174876	6774366
2123627	4992165
2111769	4821631
1188049	2036085
716120	1201991
1551041	1551594
1349767	1204971
261721	1205223
23959	1132553
433863	1171216
259288	1319227
2111726	1564643
455953	974409
2203289	2594983
5828698	5928218
8385648	8388474
2203403	5126628
8196313	8196309
2203445	2594956
5828701	5831060
321850	1202031
435782	786731
9756542	9795290
31195	748801
2283747	4819286
628215	1199963
3171862	1915995
2111614	8054673
2111606	7847052
1635351	5184687
6586655	375145
62185	1201081
8984154	2550567
10246049	12166233
1098659	4881113
528546	1508655
11412274	11412306
773241	7234653
1526517	1198174
6750980	10960354
2111528	4278767
2111527	4881059
8918692	8930508
2111512	4597586
2111510	4572203
53465	4589922
2111488	4278761
3845203	3845398
9959015	13459422
2123537	4603529
3153624	1198232
7589727	7589728
464290	1190022
1841188	4360718
2954108	4618213
2485150	2485181
11595214	7054056
628230	4626650
247763	4357372
1627336	5184680
3631263	7210314
10565469	12553278
2702213	2702240
672252	2440771
2549829	4603613
863592	1199954
2202690	11996862
2713783	5030848
2203052	5262521
2203350	12043072
2203420	5498967
2789146	2594958
1311787	1374330
8098490	8098491
3663063	3663087
32106	1235385
71736	391372
322625	391372
32183	2162288
1868481	6968884
265040	390771
2244919	6475916
4495323	4675389
8243961	8243909
2244923	4902968
399354	405603
476326	1220250
68948	6174970
3172381	5507715
434238	1201247
16164	1063500
1110547	1110815
429820	1206558
611272	1054289
1359933	996132
9272053	11675121
3919960	6060233
2245015	4990769
41921	1576186
1229322	5069854
21110	6391521
9735913	9952916
266051	1206564
8847506	8847508
38302	1319233
69237	576828
13039111	13039114
5119654	5119700
2245077	10739056
1110089	4603737
10143622	10963685
441998	1357564
1158488	7827966
2419502	2421530
2245198	5984674
1174880	5109682
2245208	3215781
2245249	4325393
3818532	5711811
1164811	11195040
5576199	6138936
31506	578969
1849352	9889017
2782057	3222682
506948	579047
266698	579046
279583	2767073
5228942	5228969
1588731	1588753
2245319	5011546
8899280	8899284
3736592	3781962
2245332	5191843
319858	406492
278606	579004
2245347	897232
25791	390768
5022818	1224497
61929	1235340
325434	1206521
1173313	1563840
1683799	8662196
8912625	8924771
3738848	3752323
2245404	6129951
3048303	3050855
466005	579055
2245408	5393118
2245409	3660129
5360664	5281637
37659	1582490
1371233	869158
7919990	12304069
322631	4685658
2486741	5477006
5130737	10350499
651597	4384830
4394847	4415457
21504	7005038
453530	660833
325869	11561321
62182	8926313
388981	576826
296294	1205242
2182826	391331
293728	401059
8475931	10345347
303613	4974587
592189	7082922
1674405	5501131
11145456	4456426
328023	579854
16491	1197486
1487691	6774372
11933214	12622057
2309276	6310076
3092548	8057678
853204	1011195
1173661	1312054
1951450	2993652
956779	1052964
280208	4873533
254963	411544
4928208	4933864
1728863	1729585
2245684	4878368
2245688	5053246
2245693	5067453
7114465	11784857
4401076	4406738
2245707	5027676
51104	411536
5175143	5175147
383835	383833
1000136	1217981
1867478	1148643
8918777	8930481
1487874	1487873
1430734	1430790
5873842	5884245
1502828	1220084
773552	1456063
2867227	411434
2245930	7498985
262003	2730879
2245933	5096936
255228	1215827
256891	1651375
371739	4818351
1121362	5175036
2807658	2814825
4980034	6781343
253293	1189905
2245943	2119427
259651	5101997
2245948	5069170
916292	1001878
261221	1189907
3430986	8060343
1337519	6774370
2160871	8986305
2587877	2587782
2246016	4902898
2246022	5282340
9932582	9932613
1503453	4273022
1841664	1255910
4404008	2115262
3374145	6695202
2247386	12034466
3360546	8065286
2405921	6774405
3168241	5108032
2247400	411542
8474133	10784941
5840355	5874729
3658446	4520497
2247419	4888790
1356774	5577362
3876886	1311940
2247447	4833647
2011272	6774369
2247449	4850499
5828904	5830968
256144	1513105
2247509	2463349
2200024	5262223
8409457	10792421
1188048	2036085
1890867	4815975
2247670	6781355
4943544	4948641
2247674	4930331
2247678	1227740
2247682	6781354
624894	5037087
9480534	10964054
261982	2450969
449106	5037296
3918349	9945011
2247731	5055452
321895	4992122
1890899	8057914
2247739	5037316
2247744	2450969
2247749	4992122
1667899	4959940
2247760	5037073
72032	2442844
8918772	8930490
2247782	7942309
2247783	2592357
4397635	5633300
2247786	4992131
2247791	5037365
2247794	5037250
480884	480925
240999	1311444
1258918	1236398
2247809	5037228
2247811	4144982
321732	576938
1890944	4692435
2247871	4979382
8541880	9771721
2068371	996552
5828911	6481613
256018	886736
580774	904423
567368	2569248
1789243	576712
2247911	4818397
2247913	5496371
11633319	11640073
397588	1229979
2247930	4888780
403370	4419583
6626911	7447339
241566	411555
2713779	950649
2247991	4850411
262357	2580825
3382712	3382869
3737075	3762468
4682765	886633
5852634	14013006
242721	963554
2248114	4952482
2208340	4888845
3330530	3389209
455915	1227756
3330486	3438791
5828923	6774419
3330218	3436346
3330202	2594976
3330188	3436364
3330171	3436371
1568769	770652
3329974	3447779
3765653	6774453
3329885	3447803
1655626	9446705
5858375	6177166
5853017	6177118
1108022	1457155
1023661	1312162
255245	1588843
2248309	4821859
2248325	3653260
2148629	11113945
2248329	4834842
5850959	5982703
2248358	3386147
2248411	728017
300372	4442986
1665	2179342
2248445	12344140
2248452	4902660
2248459	4818491
5836077	8807729
2248472	6774447
378827	1150565
1259560	5630843
28376	7005068
1886907	4888814
433702	871781
3053024	5630843
1807089	1810459
2248700	4837838
2248705	4834881
4397619	4907196
627049	1200036
572260	4820893
1250346	411458
2248736	7575423
2248737	374998
4397609	4415365
2248854	4891889
10206277	10206281
2248902	2474589
1567	1236189
2249020	11025550
3059020	4867228
8421959	8611703
8775786	8775788
242680	1311451
5000869	11584412
2549812	6774450
242881	7703193
433692	1189911
1042295	6774462
2249100	4865458
6579428	9370702
5386955	405008
2249121	4894399
6954854	8059203
2249206	995216
2249210	2657069
2249247	5421789
3733384	4489219
1894558	1909833
2249324	4922511
267106	3173581
2249331	2562059
435726	995216
1530676	1229989
2249359	4899599
2249361	7095729
1389520	1389526
8190343	4968026
2249386	8069379
16925	380487
12621	1234197
3918367	10746059
2249487	7445517
11460994	11461033
11937988	12142475
10459730	10458369
2238516	4655314
1935450	2363633
531542	651590
250318	1825822
6090609	11980828
1829	2593100
5618362	5605904
630767	1310807
697222	957923
2741389	9972265
2588711	948927
262412	9061214
433623	576948
7803985	7065840
4824088	4825245
2241251	8057632
33965	2716483
6358721	6759719
70705	375134
6824192	12553608
3631514	13309057
1229839	4695332
62585	2574317
505754	786771
2249594	4566877
6608044	8200718
66787	1377958
2249664	4513004
7716666	1412412
2249741	8642431
8207661	2187955
49963	996152
274210	1220182
2249761	10971881
3917338	11980818
2249835	4535352
8912294	7094006
2249853	2249889
456665	11274033
2652566	2653086
2269437	11271290
313573	1320038
1335485	1178914
308957	4823906
307894	5322522
1862493	11700465
6581136	8068290
10242443	11980831
2250028	4915379
1363865	1139900
2055308	2055239
24393	1563428
6572798	6573763
1610745	8203770
35369	4626662
2250065	5126616
2250075	4384100
661066	4262779
3953843	397655
2250978	4971490
425911	8057716
2243039	5023023
2549626	5908832
773338	1701344
2649199	4945497
5695923	5696044
8799879	8799924
379250	669984
4593303	4596941
10046717	8649511
2243102	3277253
306403	4716917
3648970	4929345
2243215	5085992
306737	4823904
40816	1229972
2859006	4333186
916297	5281553
2551650	4228356
2243246	5139453
2243268	4985786
2243286	4981552
2243287	4832928
2243298	5976518
2243299	6781434
3910472	5466314
9839461	9839477
5162363	4954268
2996368	4683374
2243355	6774490
2252724	6781428
3266605	4821980
307546	1250800
2243373	5636029
2243380	6542656
2243384	7341445
379696	1220176
2243504	6475479
2243511	7331589
1357052	1357396
6484255	2442612
7002755	7002877
8913101	8924679
2233676	4966981
2233687	4870276
2233688	2668747
2233691	2668756
54232	869308
703077	1043744
8916453	8928556
2233735	1205179
42458	374998
1898076	3163143
535287	4974589
2253793	5508807
2253813	9965250
2253824	5974512
410597	1236270
1841189	4360718
2253879	3458354
3255560	3275876
1110057	1110946
464350	2137887
438940	5262210
1098434	4818409
2241042	5055540
2241076	7968070
2241078	4456125
1893873	5085990
2241100	3466015
2241102	8581284
2241109	8926622
2241138	4818447
5567463	5281563
8595293	8648929
4501159	7354286
2241419	4850240
2241424	4892470
2241426	4487523
2241431	3198378
13912305	13956969
2241471	5030755
2011285	4918620
2046657	4490776
5156561	6398155
2044388	6814073
2826692	10111831
3819992	4417469
7811781	4992179
2254497	8060085
2649178	4942751
2044396	5085203
8912502	8924792
2549675	6781480
1642551	1197486
42849	1150559
5607234	10768590
515085	5597032
464592	1002391
392210	1002391
1570766	5632040
3826551	4401806
687628	869331
2147545	6139446
2254573	9977400
307119	3597128
356200	378454
276223	1532882
1886565	4927421
1357342	1205182
847119	1212854
8243935	8243900
4600578	4602954
6161101	6160859
6607818	8059262
35561	1201101
853095	880690
6796826	6197226
273992	5030848
2802198	2474572
1320278	1320687
9171876	9176004
1305724	10746407
17945	1199939
1357405	1163327
2255013	4849931
2255017	4832901
2549672	4952365
2255023	4952364
2410287	4655323
954758	1299207
68945	1313328
317727	4799950
3330956	3408161
2549671	2594965
438942	576620
4871965	4873635
2255169	4860578
2039829	4655302
10700971	10700975
2255245	4775031
10048125	10055811
2653191	6847702
3154616	4487154
2218171	4908087
2218188	6780740
7796865	3489966
2218212	4833466
9735243	9735247
2218220	7583258
2218222	6069373
2214303	5272465
2218252	4832773
2218255	6780682
2218273	6780709
2218280	4818425
3819152	11030831
2649061	5642897
2218383	4850546
2191840	7827887
2218395	4837914
3330902	5078613
69763	770809
2218429	1232134
2218439	9948080
2218475	1484141
6274508	8449396
2094574	4943493
8779978	8780002
2649227	4948374
2585289	5243107
2894605	4587548
434234	4954141
1126542	5457945
1476466	2599230
20279	375818
434240	576722
569604	2830354
971988	6319499
1841744	8255208
8102070	8136328
241595	1311453
1886330	1917449
2648161	4483895
2329020	1142018
2649055	4919502
2649054	4917524
3638514	4884560
2545023	6146138
2852132	5464103
11653982	11654102
269443	925990
4496250	12379274
851133	4936940
3732066	6970293
3327385	8028557
3327516	3449521
3184872	5919090
1832174	1836359
2020580	1131113
2852108	4800192
1764816	6768966
2442869	3550824
434410	1048231
3910675	7553249
1886247	1917582
1543665	1835951
1886244	1917592
2260589	3212009
3329813	3447825
3329809	3447829
3329812	9801817
3738568	3752352
325000	1220143
324516	1201989
3100621	1230330
4645718	7816769
54253	4479639
563201	918091
2961538	2962390
1553527	1656703
3393024	1775686
41774	1177093
3333863	4882279
2951609	6399592
1770443	5057622
2669884	2687769
3386897	4894834
1627230	1234165
3914168	8076057
1428361	1429536
1306441	5422970
3393017	8607504
3333983	5586878
3178000	4925570
434494	1234113
285142	4956485
1886133	1639270
2280268	4962228
3823660	6171745
2269281	12509170
8598086	4523469
2649241	6781268
241642	4850668
2649225	4933778
4908573	868763
2649165	6781266
1877036	2098040
1567438	1567436
3172273	4746505
271578	8057690
268823	931965
4667930	4670111
430161	886663
319989	1202003
5961657	8462167
3825773	4991274
6890587	10784423
433500	1198137
386729	404939
1098230	6077835
6603838	6604177
16279	393565
3333995	4525204
70050	882938
8946699	9120496
5576488	9033432
3181119	2634516
3360549	3708325
2270446	5979371
9493090	9672607
4631907	3186464
9044302	9070967
326569	977852
6272046	11202659
2270338	8057931
324760	1296097
240255	1311440
1860462	8873401
2270437	6781156
2270445	10042429
1400102	1213852
4819403	4821392
1495881	2682295
268210	1321121
872958	872960
3826054	4773815
6698657	8471039
9080383	1091235
3873259	3875367
41491	1146048
392273	406496
2396010	3276084
1495856	5030752
2009001	1218043
3735472	3974255
1138897	6568132
65764	7351613
1886008	5667600
2271387	6780706
9281397	9285550
2265891	12206933
278252	5874784
548989	8799456
21264	6902324
328232	1381717
1256569	1311958
2263343	766767
630617	2476578
10692491	10692496
3151534	8026484
3151507	4278782
3151494	6165747
3151478	4278786
11816346	11816587
3151449	4278776
18509	7580874
4498938	8332322
3597759	4924719
5998324	10794330
1844205	4989316
3906607	7306469
1742315	1139368
8200488	8200503
3326719	1158005
21269	11276094
1877605	1293033
2250418	2423974
1640717	1646486
324657	12192717
2388618	8055922
293922	1201073
2431237	5612658
10159763	10159826
468010	1236247
322029	518345
1164123	4938611
322866	5569830
289527	11142808
1079070	1236213
1977629	2105726
294473	2707876
853142	2595588
250680	7803038
297979	2830311
5749939	9824677
292874	1238142
8796359	8796347
8479187	8825475
291658	1236205
291592	1250731
292549	793320
304209	937183
394248	770795
304126	3093305
1444950	948847
1444951	948847
309627	595419
1817841	3331790
17400	393662
2421	1573253
61770	2604070
1648241	1648682
8444482	13769626
1120399	1120401
7257979	7260378
914019	2635478
1417902	397685
292294	1227761
10960339	10960695
2891269	4695424
3402454	6145672
36094	1234188
8242194	8245805
4527267	1715354
553912	4579994
1885918	7088190
1285339	397685
25724	1139376
37613	378839
8200334	8199759
436133	4063956
319745	1583296
953331	1048358
3163796	4421460
70949	1238084
1553492	1656773
2099931	2099968
925040	1232132
288982	411601
2705686	8244159
2486697	5052922
276750	1567907
953356	8959654
8341454	8343878
1140188	4969721
2648525	9998881
466007	5559527
3365640	3577534
1485272	6781497
2474797	5115499
3823472	6938210
4498545	7704200
2291627	6310167
2291629	6310076
1700485	6310153
268480	1030944
5405076	7684812
1502842	4936954
237698	404981
8406016	8415644
8541997	8542001
1841706	8055909
1841705	1849033
6458149	6459140
3395514	12824144
2076	418005
7791705	7792161
961717	4886743
1084522	5152150
1951549	5127005
1257354	4605432
2081098	2432802
1951699	5006339
4918923	4945081
1054506	1058447
1337373	1593825
1954727	2748939
1954747	2309723
261604	6961665
262193	2456371
1532846	6311867
9086221	9086220
2568998	2814823
2271703	5272456
4583959	4586676
2271708	2500704
9700261	9700466
2271721	6958858
2863774	7043754
5167659	5865079
29920	974259
5859790	8495393
11767832	11768037
1386	404983
5157773	6948365
958860	994213
273665	6966105
7411817	5175147
2705597	3950444
6196219	8057502
2807644	2814824
2271833	4819404
5858616	5867843
1550941	1551588
5858622	5976865
2271849	4819406
868955	1230332
2283761	4819290
387602	2610825
2319	405274
2271867	4830306
5157776	7089901
254835	331975
2271868	7089891
2271869	7089892
1784975	7089879
33536	393733
5975639	5976872
3943630	7534237
252224	519267
836846	1488094
4401073	8330174
318253	1043781
2271891	5162873
2271898	4819413
6667022	6668080
6130551	6138916
5471303	6959780
5184909	1917021
307801	1229796
5975619	5976903
9232866	9234581
3158836	4887243
2011334	3033056
5859504	5885190
2325983	7704200
242822	340785
3737138	3763011
2549389	2831383
5825534	6373660
242820	1075616
287663	1873946
1209936	4357344
472089	6781274
2331592	3160328
3947203	3947456
253848	1236388
2195477	7333307
261892	5569875
1712	5202869
2638604	8074500
773390	773393
3722293	5980123
2358760	4819347
255571	1207161
2358779	4820606
378292	6076272
2358804	4819349
2358822	2441027
3374691	3662048
1495907	1644280
34684	576899
2359026	2593135
3528023	4662316
282112	4831146
1624824	2737357
273786	728017
1793767	2441050
249910	1151153
4500152	2441027
7580718	728998
261647	1174813
2280306	974355
5858483	5914539
279265	4933586
4499421	6814943
9044366	9073294
7780166	7715710
5166598	7715710
260561	4858987
3374172	8060017
254495	902536
2376666	4402087
1887528	5139073
6572298	9709326
257093	576730
16887	393628
62251	3635703
2377447	4820555
8926494	8937454
1514918	4752097
2377460	4820561
6532410	6781342
2868959	6138425
2377467	4820568
5850392	5942659
2377469	4743837
2377471	4820570
4128358	1337806
879577	1255907
439591	960338
12198939	12198946
2738421	4881118
5851887	1212904
773320	1701350
3824666	4818351
256172	5170391
2377505	7498980
3374142	7360567
3792689	4637644
1887537	2105590
25404	747652
2377655	4818182
5455292	5455291
4731161	4740488
1199438	5513671
436791	1234223
4496121	4793123
2549158	5631772
5157789	5167935
3168244	4292655
7946006	11858109
5850281	6143072
3825882	4819029
3723228	7583207
3918336	1586949
256630	411477
2387282	3362392
3911787	10785356
2387429	4819156
5840399	7562085
8003300	7065716
2631711	2634551
2387439	4459669
450688	4832961
2631703	2634556
2631959	2634491
2387472	4820522
2387488	4820540
2387490	4815129
6050351	6469631
2387498	4815132
2387499	5175200
1839501	6039049
436863	7562033
8108814	7562049
4163761	4887248
2387543	6009797
330407	4742651
5207790	5209884
2387586	4815158
2387730	375816
2387771	4819177
2799050	2814865
2388071	4819151
2208379	6295579
10501887	10501810
3826409	4492562
2651095	1485177
989164	872855
8274141	8291834
8928001	5899166
8236684	8330029
2392572	4702545
8229941	8332192
378503	1218032
317979	6469375
2406071	4953770
2406084	5108053
2406085	4892431
3818800	4840728
8919026	8919075
4573426	4576668
1912214	1912107
1912219	1912119
871804	871802
1912236	1912144
1912251	1912171
8916491	8928518
871789	2457971
1912212	1912106
1912218	1912117
1912230	1912140
1912227	1912136
1912238	1912148
436953	4489342
1457529	3186033
2408167	5610112
2659818	2660119
2396133	4721506
17212	393647
261737	1711278
63403	1279766
2011274	8232790
2730974	5595180
2011308	5172622
270753	2773333
68478	8020553
778115	4930395
2780847	2780874
2749417	5096094
7551902	7553338
693610	1926588
1356939	4954509
1887895	4860576
2011282	2104051
4499907	10322234
1789308	1792328
4929262	4933860
1828972	1829798
4500115	3489542
3904251	11114253
1410127	1410128
11153103	11153112
880650	2094369
5272663	5418306
1923482	7051089
2548350	6983580
2547868	8214289
52115	1291580
261953	5197750
253976	331974
3825877	6937479
3820494	5933617
2038385	4799916
6274658	8062170
449107	5037296
4347171	9945429
3740652	3741057
3740651	3741058
8213535	8213538
2549105	2696334
2549526	6780592
9409736	2133771
2713648	3601971
2548301	3490376
3672457	10787161
2549095	4552574
3329984	3447785
3903384	6473920
11024601	11024745
53048	720869
3732202	8794827
59189	2301092
2179069	2179098
9503559	3837102
6008254	4887273
3903056	4194307
3237343	10481378
1911951	1916092
2046662	4821892
25504	7590773
2317584	8388440
11633044	11664754
2764451	1291745
5859511	7445362
2738789	5045481
2544205	2430303
2282155	6781377
5860702	5903200
2713490	4937131
1836282	2770096
2546003	5128580
1312	414997
8611742	8611740
1629771	1630136
2549072	4821631
2280341	4517092
3374138	8777199
2044417	4818291
2044420	4837840
2547741	4853104
895415	4925509
11633354	11640065
2549322	3706124
2484984	2485202
13596842	4225860
2280342	4850418
2548705	6948380
2548234	3490321
2548233	3490319
8612761	9740785
9495971	4589846
5902881	12119766
258994	576731
11170579	11172783
1387647	2754951
3564946	3709832
2275629	6781317
1647836	1648731
2549055	6781316
5859543	5872166
3456874	3456987
1943924	1943929
6810441	7881938
1346200	3647529
3728978	6780844
2280347	4902985
2548216	3767563
1004256	6443430
5859519	8197969
9084114	9127625
1970198	10629099
2548204	3490277
8462311	9943939
9091000	9135943
2046688	4818345
1891160	4833497
2020618	2020994
4999905	12297618
2358931	6308904
2358939	5184830
8399095	8405240
3183587	5985480
31658	4022804
3646858	5132300
259030	5028296
293616	1213979
292827	873191
282885	1394307
3059018	6310194
42325	4777628
8630273	8630276
646568	2599428
42445	1235334
12822998	12823000
64450	1014906
68071	1792361
312846	1052874
310268	978512
6005628	8238674
1886905	5917183
9943902	10051813
5250717	5251379
850889	6781467
10654919	11675152
4555662	11035333
55975	964076
55937	1236318
3823889	4492884
2272030	6018215
1330	869165
42097	1189978
31530	6310090
6769646	6769652
1105935	1079709
664952	3173581
7911376	8057815
8217922	8217935
7198886	10836714
1513674	2180123
5010236	4946577
7197249	4946577
7197167	7288466
30295	1021159
1897724	2105989
3733470	10984885
4495261	8057550
31377	5081251
1304603	6960952
1235569	9453746
275958	4388501
10018336	11140162
3564114	4422360
318150	873478
3649975	3650716
3314971	11768022
4703137	4810624
704255	1266555
3737105	3762462
2045771	4952468
1894593	4855738
1606601	1609075
1897877	6995045
7435971	8462321
3824515	881912
2548181	3490253
610130	1235332
2648088	5043327
2436367	394327
1332565	1333345
2648787	4815045
2648085	4815060
710677	2133943
2648784	6781211
2263337	8057330
12336020	12361880
4495026	4946577
2663570	7288466
54186	394327
2648996	4721888
1871551	2108932
3446889	3781892
2082976	13997431
324619	1296102
936657	1311944
237713	729049
3635900	5621210
56101	4696371
8597784	8642296
3736687	3762509
823465	3205196
3913204	6473923
3735607	3802122
266064	3336620
3012339	5176323
3915344	4847600
64396	3326635
40019	1236169
3012456	4891818
8918855	8930468
3737548	3762411
2811417	2811958
2647645	4512914
2648077	5043320
6388636	11396857
239913	3653457
9246342	9246429
1230521	2752572
2648778	8054891
4500810	8054813
4500809	8054884
5942265	8054959
2648777	8054997
3733207	8055013
2648989	4721884
3070256	11245717
1400445	1400846
256787	1313348
2481307	5947795
5481277	6004428
2647118	4718033
5366348	8491614
237850	4720079
3188279	8491770
3675787	5041989
319099	821086
1280399	1940189
790118	8491601
2589641	2593249
2778260	2778904
2632518	2634458
4308370	6397530
1499414	5126593
251025	2571993
1079110	5281223
66782	2599051
1898291	1900262
2649125	4929394
1898290	394327
4677094	4678037
788017	6998423
61579	1021094
1298429	1299008
2891804	5129262
3616301	4873642
4501935	5982715
2630506	2634598
3527235	4661815
5506609	8057719
2261071	3536006
317355	1296287
3010326	6295622
1724515	3741519
314801	1799734
2429354	3515813
313016	10931112
315715	2105378
315959	6122293
2054427	4537104
6997061	6997215
1356990	1357414
8984511	8993401
2649120	13088326
5109409	5412983
442005	5306142
31604	2909888
3903766	5196253
2763793	4436138
2173236	5885734
241592	875607
3392935	5325230
5968173	12168409
2260834	6555979
3907944	4685933
285121	945544
3199823	5108027
1553391	1161652
4502580	11990640
2432352	8491769
633939	5467529
9777917	9795318
5338800	5340029
68448	734743
8440126	8492143
41566	977210
3409229	5892727
646147	869165
3143479	4388135
68534	8240717
853158	2135114
10134385	4305967
67105	5700032
2898093	5170416
698717	4704443
1563448	1557316
1897770	3128795
4015129	4704443
1488255	1489038
2472452	7089899
3813054	3813057
396440	405612
370748	1308216
1107280	1107317
5259669	5261925
3422015	5129468
4889851	5936278
837409	5080708
1828438	1064633
526365	945722
9238283	9240442
2504046	2598981
44394	1874730
5799490	5279995
3170676	6370732
322968	1296225
5757801	13729668
278308	5982563
853345	1065014
1862544	6050944
2504051	3076337
323870	1230562
762151	12320148
2163172	2166934
438772	978012
18275	397634
43273	1311618
281047	947213
8863377	12569415
890874	891348
1984003	6700128
403150	1217853
2515235	8423681
4495003	1900340
1898181	1900340
33145	1632161
1580149	1584193
306081	1303055
10092986	6294127
9971794	9971795
325744	1485026
7461412	11267835
1568819	1608971
1650197	6464023
3448904	6464023
1951827	6588491
1647951	1648721
1487871	2086841
2272103	6319255
2272104	5992063
2272109	1909508
3912872	5990087
2272116	4989379
2272120	5137235
2892166	6077773
9058060	9058062
1626133	4417511
2283766	5885208
5466471	7310218
1303026	1469679
2548154	3490228
4877550	8058879
495626	8059009
1476746	4945593
1680667	1236266
306573	2874493
60114	6443445
2648430	7088654
306528	1303056
2471300	3232121
3439571	7849879
2865185	11210949
1697614	1697847
4502540	5015335
4502817	4504161
11184805	13285383
2011375	4952335
4502326	6573483
2011376	4925435
12198770	13285370
1828984	1829787
9944401	8064273
1782815	1782820
3241489	3248399
10092487	6197265
2647058	3494258
7888145	1613180
3818740	8762868
60349	1292704
1690021	1694033
1276135	1311935
1304633	12412224
56916	1189955
515562	1301505
5317926	6559863
6046771	6558989
59855	1292701
59847	1189967
2272158	6303483
9500636	10783168
55769	1189979
55738	1189981
983650	983706
1388922	1205030
55509	1189982
3578020	5284477
3084066	4372405
1229916	1229918
457547	1236279
2166225	2166863
55617	1209909
712344	1079709
4500104	1900399
55622	1189990
2647581	6473267
413771	1333271
1255406	1213957
2648969	1909459
56312	1897671
3736742	3762497
1988417	1229989
2436411	8242225
449118	5302403
2901091	6781215
12336019	12361881
2646499	1648614
2974390	5170630
3383977	4814905
2045764	8492048
8869564	8869583
1054375	347674
4803280	4809927
464264	6122961
1573745	1311451
2272433	907573
2273295	873168
8597947	8642212
4502325	6012412
27067	1190022
6273135	6756643
2647842	4980019
6214690	6214692
3820601	5126604
464334	5718038
6358415	2454359
3914006	8057826
5045539	5050242
3055497	5046442
9285956	9457569
6387753	6388288
3733395	5159769
3209684	5268936
1222468	1305357
2549437	3214984
3374689	4957466
3910659	9974218
3171068	3951349
3823421	2179931
6274619	6672346
1654037	4935995
1658060	5096005
3312986	5984688
3313175	5046442
2273813	4800482
2273803	4837510
449441	1190029
1160337	2849807
2273791	8188161
3912863	8057830
2273789	6781139
2798621	5553355
1749173	1782619
8916449	8928560
8225562	8225176
8595265	8648978
3486654	3486652
10700937	10700941
8240755	8238092
10025496	10025546
2548935	6759769
8225565	8225177
66695	12341410
4502385	5918851
2548506	4388428
2046697	10696687
9194768	13253573
11875024	11970075
1539574	1539578
8595463	8645484
4500879	5282172
3178477	3416607
2953706	6993981
3178449	4745307
2648638	4683319
1893765	4888870
3313033	6015754
4501169	6759757
4397515	8061997
2561629	4815073
262716	4894363
1525260	1541277
419711	1991601
2648627	5340808
2273770	6563352
9962465	9962671
2273768	3249243
8735798	8735910
3824651	5127126
1553334	1656842
2011325	8461852
8592104	8586334
2011328	2167452
4502833	5127133
2647351	5455979
2611971	2614287
1828982	1829790
23022	2462818
3044165	5098286
9043977	9079562
9043985	9079562
705269	7681701
2182552	8009426
3933087	3933090
4680082	4810289
1913094	1920363
2045745	5170452
1300117	1150853
24961	405393
4502450	2053853
1449783	5340978
435181	10471687
408069	11209339
1955146	8055893
3779099	935426
8176789	8176962
2647336	4964817
2892508	6323122
24674	1190043
1830499	770716
4498006	4696256
24693	2707190
3738539	3752360
433423	390847
2273915	6608119
2273919	6039954
3221683	5900778
3326714	10724095
1349350	3186741
2648243	10740620
8819519	8819520
1877101	1052897
69589	729117
16274	393567
24706	381679
8983959	8993481
1174872	6083002
2648241	8217567
738773	12001316
25158	1150551
8197440	3077598
286323	3077598
687366	2096473
530811	921866
2826734	4985074
4749473	8995600
488730	1862461
3178390	1428048
2892630	5898953
1886712	2064274
1553314	1656858
511883	1204979
1839617	2939045
2878187	5265406
2254735	4744257
1841532	10087751
1900777	1235375
2649175	4942745
2761796	11099244
11177948	11177950
70172	4901596
16997	2930048
66016	1775785
1312116	1154234
438930	405542
2546889	12341448
3645320	3647791
867095	1553052
2892776	4966772
2273935	5018358
2273936	11357961
2647785	4935179
1886622	6568110
8869912	8869938
1886621	3263054
1789063	1789075
3350506	3964679
5338429	5311176
3650568	3650591
1147943	1147939
481895	5125971
6575254	8203880
251080	1236691
410905	1277341
1448951	5282446
2548910	5129502
2093443	2093706
1495863	5052486
321500	1277341
8279312	7132964
1431	397606
544611	1213863
2312520	6470446
3997922	5301844
370706	1234122
17283	393652
292029	1304486
4014523	9422900
69855	1378351
3826347	5363829
1886606	3658209
8207690	8207058
4498031	5411800
1334388	3455528
2648882	4695311
450137	1567905
773353	1396851
2892871	5280086
2648609	5099377
796886	4950163
874816	874819
69874	2780221
773128	1782801
2648608	5062319
1481997	1485163
4495275	2165211
1570738	5610118
3738230	2726789
2648607	5220776
827946	828924
6713413	9709332
1886508	6098258
6053080	6056117
2273958	8798971
9169097	7060093
8238729	8238723
659319	4950155
2649067	4919541
2965445	2966206
796884	4950159
411315	1301546
8243924	8244137
1550938	1552833
1584336	1586957
237669	4281540
3123317	4988328
3186573	1437836
773546	1701308
2737399	5170688
2547999	3489966
5051071	4833466
2548467	2682395
69112	1484141
2997876	2998709
1895811	8055907
3690820	5190449
3330995	3388177
1951360	2456429
3326709	3435231
3331017	3389108
3330917	3435755
3330997	3388173
3331019	3389015
3342791	8055984
1954825	11489610
3174383	3174387
954740	5189580
3330988	3389907
3330918	3389969
3330946	3435693
10694764	10694767
12345850	12386456
3331116	3388151
8963551	8979166
3342885	4872890
1687415	1694181
1129744	5119235
1273059	4906575
2274014	4819294
2860876	5976332
3822193	6483147
2399184	3211876
16154	393530
2549195	397669
2549194	4485562
70014	1311428
3825334	5307544
1488805	1488924
6465909	6467160
810562	2066361
16127	1552755
2701537	4819093
1553290	1609037
2944362	5015006
69551	6984016
68982	1177166
1582133	1584157
15864	393513
2038400	2039801
2448	418145
2648588	3672825
2713727	5021911
2649064	4919531
2648585	5985582
3331006	3435012
2646134	5170688
1808071	8395423
8564024	8564604
3075187	3075430
240572	972292
3330959	3389173
6098918	5031174
1457274	1374334
3211686	4637702
2547983	3489913
2547981	3489909
2548892	880869
2546864	2775951
6140899	6140881
3331097	3389072
2262902	4992062
5173876	6014669
3907767	12371997
2669956	2687764
2274055	3868856
2775952	2775953
2631768	5578202
2548886	2814317
2235365	5705586
10729977	10738883
2021193	6141644
7079609	7083426
52428	5541838
70439	393623
16948	393623
12360510	12360515
1174856	4490136
6794055	6794549
6214624	8492095
20768	996214
2684439	2684449
8282388	8285300
2779759	8492068
2545636	8492064
432909	936793
4700819	4814058
5011423	5012966
1563	405600
2890918	12326543
7106232	397607
2208439	6955241
953098	1331756
4014133	8606366
2642224	9832843
2890947	5699190
2647731	5011614
6356025	11230503
1886321	2064271
3038958	1571311
3731821	1571311
3264701	5109463
40046	1331760
326051	926000
16981	4924864
3150860	3474551
3327518	3449517
10006255	6969742
896172	1015027
3151610	7349869
3327762	3449506
2835773	9356496
274195	5115379
7043412	7043427
3327517	3449519
3183318	990350
3327787	9801871
3329705	3447915
2628937	2630212
54952	1236699
3327808	3448007
3328533	3447944
4887781	7830034
3328124	10659091
4788140	4800192
3327765	9801866
1886263	9802011
3328538	3447945
3181248	5189944
3181133	9834140
2449997	6936764
16020	576828
3327768	3449490
5269879	8771828
247324	1311457
3328158	3447977
2891001	9245111
3328214	351193
3327803	3448022
3327774	3449473
1465945	1466454
1152230	4126574
10734206	10734211
6466706	6467102
8996331	8996333
3329779	3447910
3664462	3664465
4637201	12275266
2125150	4883999
61596	1834240
64049	6542692
2309380	4882279
1667925	1669363
9855096	9858264
6272928	10631642
9435637	9437792
9399221	9709261
4666953	4814858
5350675	9667697
6357621	6394221
27660	2576815
2891050	4697349
9223816	9226555
3405236	5876241
6285660	6285663
11195011	11195012
434490	11195012
12509120	12509170
43880	1019140
33423	4721585
8946654	10618677
9722772	1230552
3367256	7740541
70008	5197306
758208	4748856
6935571	6935576
11404924	11404942
6271053	8473460
3906128	8067094
8549101	10051808
6158782	5282371
5612190	5612198
16590	2778566
1121275	6470388
851134	1018049
6949773	8463643
17555	378404
2876115	4982580
2275778	4981563
13719017	13719032
2275782	6470403
43878	5829551
1538711	4929379
2904855	4825169
4865068	7993676
2591622	380502
1873556	1873772
3408895	3465918
6907727	13998112
3691359	4877735
1824782	2179457
69236	4769833
2648151	2726801
54499	1320641
32525	1292999
25117	1014972
570237	6940507
10679604	10679536
9517180	9517166
2502611	3662043
2646626	3020257
983937	985137
9345941	9346299
3738218	5615641
8865169	8866190
1064334	6392533
8576524	9182877
1658664	5170645
4045677	6014766
10702568	10702573
12373859	12386342
528107	983391
9181729	10571494
706876	404789
325529	1320600
4430090	4870095
2800768	5993421
5564438	5564901
1673266	1675848
1886073	4818346
3395810	6040024
1096504	1298320
4908363	4908360
8388983	8392521
8946700	9120496
2011847	5613482
287653	1466454
3340776	3340775
2802145	7201207
1912228	1912139
4823631	4824671
6767181	6769557
3738358	5590884
3333954	6593919
6796542	8591750
29911	1292990
8388984	8392546
562850	2654961
2547955	3489654
434636	1421462
2275790	383804
2547953	3489650
773323	773324
249671	1473448
28660	1125974
8445847	8445848
8634304	8639590
320140	1075594
9343961	9343987
7808931	1322711
3732532	6473913
3904197	4764092
614533	1707805
4666949	4814779
7132267	11459457
282084	5129267
280465	1120114
67737	9712743
8597958	8642208
45778	2105612
515039	641973
1893280	1419533
3181187	3416535
8590805	10692950
5466476	6024530
2275379	2595295
2275391	2424013
12069008	12069045
3100577	11119423
2011642	5554203
41361	4696342
2451513	2520614
3329420	3447927
1671756	1672208
5836301	6579926
2886574	6993934
2886573	5069168
8152524	8238901
1643871	1646419
10718972	10719023
2011476	11692623
28047	6475584
3413094	10210842
698759	699111
1084744	1394362
3365641	8065545
9540042	10683641
5320951	8544424
1230551	1230552
293898	1227666
292130	1331801
2197624	2403604
1104248	4883914
1799056	1799459
293514	1249408
293154	1058398
3530434	5617905
294417	1320547
8192816	8193614
858586	1299192
289837	3840669
421698	421735
3600799	4243723
304093	7492008
304092	6582522
8211931	8193122
304077	1557896
299375	5028356
8202030	8202039
1441680	2668602
6172593	6173291
2662193	5513097
1441679	2668602
465972	6543317
285598	1484182
8242996	8242980
1312590	7082934
60061	1021151
2548426	5955263
3918369	3980229
11180754	11180762
2870187	5230562
8248166	8309560
1824596	1825624
4887775	5642683
3590844	6112924
871758	1150441
1801685	1801703
1885926	4654771
2833941	7082940
6110	414979
1834190	4915248
1446565	1446646
3731709	4888696
631144	2832593
1801690	1801698
54489	4772060
436111	731499
3123311	869525
6793213	12386378
16471	729129
68630	3567283
67893	2939047
69838	7088694
48664	4834694
4666828	4810249
2912471	6024462
880520	880521
2912577	2962331
9670752	9670755
1885880	8634801
4817728	4821403
998434	998447
880528	880529
8244190	8245601
8272686	8292162
5656546	6112867
71000	909296
8242132	8245837
8272872	8291881
56990	909283
6793212	6794776
2761823	6310366
8926496	8937450
29032	2474087
4666666	4810261
3913880	8074177
2300726	3407089
5958534	6573765
254534	902544
323700	886651
2430519	2780328
3060620	7885498
1069281	2707807
5754767	8057195
8267238	8294546
31841	5191842
239398	1292552
3085667	401050
6273659	8058887
5220163	11616887
1954554	6970162
10459530	10459541
3831749	3833805
1954662	6014887
1954830	918155
7791704	7791715
3254077	3254299
9289087	10617793
703351	1052263
421970	774701
12378590	12383565
1954970	5922754
59826	4866215
3903050	3969158
1419577	6973403
2611764	3803651
625872	2500704
6357279	6536413
939654	939657
2314871	13676099
2291150	6139366
1344511	8762137
8274049	5167860
2275844	4981794
63927	1560232
8253013	979066
4889725	4914877
5966547	8936901
3149961	7421409
2011477	2471667
7518020	11024585
1798471	8596332
8539802	10820510
24007	5422555
6666974	8057504
509627	1141704
5975643	5976865
6273599	9707442
41402	2595464
6273593	1275665
258401	2153700
881861	881869
1773405	1775629
1253474	5282444
1252922	4831146
1012686	1014225
2276067	7089976
396328	4657271
261278	7089940
4530029	7090030
2276078	7089999
6354627	7090059
3282631	7418089
7983650	8551016
8272620	8292184
1572994	6781333
3825067	4952066
2276097	2836457
6024902	7372103
2276102	2133801
55765	939689
2835899	2836457
2418922	2418925
8490901	8490962
8924650	9966167
9232526	9232672
4890077	6310422
3910198	5311451
11277445	1914327
2276207	3995129
2021200	4930323
6863382	9246152
2323293	3670176
1841684	6289912
2011877	2165509
4890790	6813859
2276268	4870274
6733372	10080571
1948031	3594175
242702	2086798
16967	4985123
1786	340636
2046729	4938557
258520	384773
11242780	11242805
8918769	8930494
253213	1015053
2714833	949946
5858141	6942196
3825891	2582517
5859813	5872107
12370701	12372366
7851651	13769898
2635485	1316082
1312784	1316082
3058028	2582518
13232679	13967005
436659	729649
257299	1236390
1495892	1497093
254935	774702
510850	11726515
4135176	7583207
3439544	6780826
256788	3186506
2360541	2580720
2360565	6781285
1580223	1580233
2360582	5070540
3821918	4926138
2360612	3231986
538385	538847
3911812	8565516
5109656	5109674
7222432	1371942
6357573	11863357
2360974	7693709
5109761	5107471
2361061	8057342
2194155	8057600
5859505	5885193
1841678	6061502
2375909	6984077
20318	1293025
2375973	1293025
4977834	6970040
10948834	10948847
7521598	9709326
1887502	5006934
2376173	4815164
2376176	4815167
2376331	8055427
2376380	8055439
308095	2135139
2376453	9101401
2376474	6622376
252673	1368227
2376487	4816317
2376563	7262121
2376649	11024951
837983	393628
406685	770790
253437	5899166
475647	7751680
8941951	8941955
6033426	6034610
8236577	996636
6813429	6813421
321679	4505856
707414	734717
7048480	7048481
2657511	3222860
8190322	8191321
2380228	8242301
307995	393677
18053	817789
255770	1292494
256871	7449643
2648813	7447312
2387503	6958323
7575515	7575516
1114170	7575516
6704693	6763593
7859124	6131275
7157431	7157429
2149582	7903957
2388095	4698262
5850490	6145049
1956089	6061502
5859873	6141788
252849	1649361
259639	378353
4079767	6054095
8276349	8291824
2390848	6030933
9735214	9735218
8928212	8939933
2390851	8064460
2652885	1155727
481845	1086186
2648520	5046314
255041	3463137
2406229	2720519
873815	1457099
11153741	11153744
1437917	1644538
4888534	5011559
2407845	4822758
11179119	11541409
7023774	7024590
261324	1291732
4305671	4306006
2408194	2453576
2901019	7531086
2915153	12631791
2408606	2466548
2408630	2466597
2458568	2462926
4878607	4878558
1807309	3802137
3168231	5172625
3842529	3844444
3036942	5412954
2011367	5085999
3734851	3802138
2011309	6780880
4887841	10733128
4573415	4576671
770113	4925453
4679357	4814570
3198629	6567515
256506	912217
2549381	4980810
437047	437699
2011420	2440195
2548401	3490447
3734330	4899603
2011422	4517060
2135469	2371326
3476762	7707566
2011570	6994607
5200165	5200172
707415	734714
2033078	2033333
2549147	5126680
2703816	2841764
1887945	2442309
1499388	5037172
4195570	5197750
22115	7066731
4652198	4656411
480027	480950
256483	576938
2807558	4887273
1869304	1869587
18531	975916
1887970	7341528
54468	1324231
3524759	995075
6979834	13443228
2547330	4254286
455783	4273047
2546127	4899560
455789	959534
455803	1396506
2544306	6992128
1110488	1110843
4134945	7349935
2713240	6943708
6665793	11110119
3675094	4417477
4132850	6471910
1890870	6951154
3311909	7842936
1943793	7262003
4012382	6942198
953796	6945044
1544936	6959695
39495	5030153
5938300	6780593
2547850	5196404
8213545	8213551
2548323	1576189
4398152	6828705
2548315	2715223
550613	1299178
1418094	5919557
8596970	8643916
5938793	6473994
2547261	4101109
3330127	3436374
6808800	6809246
931493	2301039
698953	699095
2771706	8332310
3822680	6295289
5335524	5993180
2546643	3037653
3917157	9101396
12338255	12339810
3823060	2421523
257501	390777
40152	1694165
2547210	6984433
10729300	10768051
2547757	4815975
2547753	6780592
9092240	5037357
4918933	4945099
2545994	5037228
1042258	3761508
256982	12606887
931361	1215919
1487085	879631
2547194	4490172
1110432	10515824
2548232	3490318
6377878	6488172
5860553	5863874
2546568	5067666
6273941	6768970
2547164	6002952
4918934	4945103
2547160	5127026
2545340	7899801
1891051	6936757
1137366	2466995
256847	1306973
8926001	8937805
2645497	5949950
8200734	8197985
1508548	1508715
3904342	6307528
2547670	6780848
6630635	8951867
2044519	10548307
3618658	7262043
1556179	1574810
29915	384773
8400328	8405102
8416002	1613127
8400335	7351622
8400336	8405045
8400337	8405047
441340	2490567
5753273	9248626
3264673	3426829
3264685	6477133
756497	1734414
1673143	1396984
1789240	1792359
6196792	12296461
9341602	10781321
8597816	8642274
2891465	874775
609041	2357855
63957	4990749
5066393	5067395
5037257	6803104
9034257	9034266
433522	902508
42083	6388157
674300	6310330
26405	956303
242732	4821876
1689	1483297
28390	3691022
5746555	14003543
4483907	12643242
2953067	5168131
3601906	3602185
323309	973503
694426	517533
5543469	5544531
8885397	517533
21259	1322645
254756	1792357
417006	715058
1413607	5911878
3426410	7288287
1096389	1469507
3740706	3817659
242884	1567924
6273290	8105948
5069711	8214283
4969834	8057761
4016631	7901677
1864514	2135123
9089126	9132129
4016272	5984651
3907269	10790734
1860681	1861747
2155062	2155640
6466870	6467068
40312	6114675
9089125	9132130
3906523	11105781
735132	8491320
321518	1302485
6466393	6467129
1594	405347
347327	405027
1336322	5690281
430144	4930355
318686	4922530
239401	6993828
63855	2105820
8638524	8659608
5168110	8026143
405530	1341927
16969	1992374
3636153	8611983
63950	1773912
1807207	5975994
250730	4818343
9441045	11038309
11143042	11143044
1977711	1705304
251657	517432
1079091	1940189
2060399	1705304
4486526	3947469
1702642	1672230
250338	4514397
9110651	6326737
370580	6014954
8261264	8301004
3282997	4374897
2897919	2898068
2588669	2392679
1773682	1773935
1773685	1773926
1773684	1773930
2091145	5693568
51103	907577
5020484	7327723
3818254	5613215
671855	1021154
2648465	2651507
8389168	8392494
240670	1503011
5832718	8759490
323402	4879702
7405283	8062040
875675	9945558
4719043	4719457
312185	977366
419110	419139
1859284	1859769
389142	1157483
2604296	2606553
10735571	10735594
1156039	1470073
8211935	8193116
9202872	9202982
3704104	9160843
5965454	8267121
8762568	8762943
1860549	3444334
2182735	6047620
1454141	2599107
3259232	5793921
68537	4421490
2507619	2180123
10032750	3465972
10006505	6172305
3187635	9504959
20836	3806473
2891989	5901610
6093008	11114872
12143006	12379379
39055	381612
43832	376753
4507725	4507733
457682	2852380
32597	1061497
462882	10790851
3403450	2510723
462926	1604895
7552505	7560293
2489126	7896703
279218	1576688
10092679	7070179
1758322	3362395
3256301	3813715
3304944	6171592
3733381	1909446
32095	5376871
306242	4899565
8424938	8445858
307243	384795
2486777	3378963
1950676	4997441
1651045	5138890
3818491	7331413
9752744	5394223
6549833	6549990
4889739	8060013
5737815	11845741
2546461	5520073
9855369	2691483
463208	1708630
8787317	8787319
2011599	6073951
1580068	1587047
3825374	5138913
60350	748806
1588712	1588773
515585	5535201
453205	10123968
3409192	4780342
10748872	10749082
61169	1322696
508336	879810
1690615	1693862
6072122	6813882
3393274	8057212
3818164	8057201
5001397	8057208
3168142	5660821
55733	973452
3232723	5126957
547389	1153537
1769461	2814266
1620895	6984359
4012279	5471741
5079327	6317089
4017047	4401298
2192265	2192280
60644	1052468
707883	519030
5090022	11114250
2086167	2086798
475673	2553199
1443905	963555
1078759	5294504
2646263	3085592
242219	2767873
1954280	2309725
4359772	4887269
8984131	8993458
7046380	7048465
248706	1075655
12823011	12823013
247912	803908
3524784	4388154
3171065	6965628
3110053	7261978
3181157	5015485
2433647	3653175
2208399	11053883
1951727	2309732
3129920	4844251
6873440	10735445
1954915	7288461
1462981	1471408
853966	2603329
2281774	5885737
2281782	5699299
2108752	2050379
3604496	2631377
4496546	4825000
4747442	2165506
8229876	8226825
8245534	8245070
4614264	5616071
249421	5598429
10294522	9486779
2953670	4945107
3181124	3424870
2548035	10669678
1828652	1829815
23765	1417394
2647828	4878334
4666311	5254617
8692885	8067299
3178405	5062316
3178402	8064438
8229877	8226825
8212312	8197931
8596517	8644765
2011617	7943291
1764879	2467012
8040138	8245309
5782907	5985578
2892445	5908825
9199072	9199293
3731952	11046503
11044880	11046555
1687544	1694132
8858613	8858618
8248171	8328867
10758984	10760964
11965118	11965126
9636328	8491054
2481353	864249
9636329	8491054
3915935	11957867
3915934	11957865
3915932	11957859
978314	8595638
8889151	13253586
2297244	5376185
7737037	10722308
11241606	11241622
2646218	6781100
11178617	11178635
3737792	1862236
1886768	5311287
3424397	3425415
2719741	10768604
8200333	8199759
278470	4774152
2647323	3188656
464588	3147162
1456641	1187041
1787444	1789211
1877237	1882815
6268748	8493770
3318448	10039612
2270135	4945544
1912237	1912147
6582592	9198831
2570911	4982903
2335224	6165719
409224	1021176
289027	5836600
4666303	4899583
3096404	1235375
3738475	7761871
9088997	9132158
9188539	9391439
871722	871724
10121488	10121515
1357295	1201195
2821521	5107289
1691778	1693815
6915174	8018594
10646850	10648568
7494517	8094450
4889707	4914861
1886636	3380451
1886635	2064324
3909150	8060038
2475080	5134376
10737966	10740147
1203151	11193182
6356080	10051743
3636475	6014880
308673	960482
6351000	11046545
669133	2599187
1830487	5126830
239578	1368223
510565	5261560
638544	1213863
3826916	4939438
3826344	4866830
1839631	5549149
276202	2583511
1140033	1825487
5756697	8060020
700113	978096
1671737	1672221
240686	1279751
3738236	5615631
8023889	9014419
2892879	5126614
664023	5870991
3824611	1048222
3823902	4492867
9043862	9079591
38749	2169980
7589944	7589947
7113762	8489518
2647267	5595304
1406337	1781973
8589244	6139002
3908336	4457622
3823916	4492828
5825022	8062309
3096417	5062319
392144	871333
1839634	4981518
2647260	6604446
3822017	9853262
1580211	1580296
5251728	5251509
6387318	6068383
2281838	5129488
9347523	9698554
3823915	4492834
3823331	4834722
36442	3096036
24655	907583
1777684	907583
869510	869511
38646	1320551
3918635	10780130
2210606	8102063
3826785	4848144
2645607	4311776
3914921	6476069
5813935	5813942
5161374	5197728
10317077	10319897
323288	2698231
267695	1052986
3903811	6775955
62196	2595546
11504743	11504751
16246	1573299
3333949	5189464
1357262	1357377
64367	1608196
62210	5568936
62220	8990094
2584124	9245943
324918	383804
5467664	5468575
1435870	4799970
997797	999762
1512147	1512148
3361500	3835318
16793	880869
2766192	2766547
15938	1837680
6460018	6460596
10011947	10012163
10738888	10740373
3666706	3666711
3330985	3389939
1895812	7360565
4821883	5382584
10460546	5047634
3330987	3389930
3331095	1307005
6108829	6109983
7924273	7924667
15861	893430
3331014	3389121
4813029	4813055
2282023	1417459
2283646	5874871
2283648	2717000
4823601	4824677
411309	992247
1901678	4816181
6467861	6468221
2288160	4838368
2045790	5598715
3168053	4876016
873618	7087913
1895735	5209171
7240742	8057603
8972119	10683657
2644637	8838167
3331008	3389140
1828694	4954142
535850	6781766
20103	4490790
687942	5577634
3170511	5327754
1934858	1934956
3212870	11194475
5170115	5178195
43887	1320800
2221060	4945546
2163206	2166920
3048001	8626178
5681970	1732282
9557103	8067361
3331011	3389133
11005541	11006463
2223754	2783597
3350169	3388144
2645573	5122516
8805699	5200141
16247	1469732
8959174	9152548
2713322	3703257
9937697	6190883
3528045	4281568
2713186	5944717
2893003	2403545
3345299	5341957
3168036	4974437
2644610	6006737
1699262	1701034
9958312	8893964
3357802	6802962
2713445	8508202
3822625	6489671
1541305	1539788
2580779	2595279
9121982	9122059
18079	4827829
2881847	6958547
2155229	2155624
1886367	3214878
2098930	2100137
323154	4942213
1459365	1459828
619621	1707698
3333978	3752342
5851902	3752342
3151621	5559539
2547427	4815954
3914574	11142809
16718	6152964
2485099	2939072
4013826	5560889
6169118	6287838
1886336	1917434
1829651	1829680
2462034	2462820
6355484	9167857
8243996	8243900
4011859	6936759
4015222	8495357
3919458	6813910
306593	1666926
3450581	3450655
53591	7693720
27375	6804755
3327761	3449505
2646645	1218042
3327783	9801868
3283434	6169061
9119806	9771711
3738370	4892435
3917115	4589583
282925	1321080
9054974	9090071
490674	2550166
3151604	1917551
3328149	3447980
8988164	8997570
2879564	11087005
53199	964171
3200370	8068758
6033313	6034622
1886162	2064259
3919141	4686668
3333952	4937941
2736016	3660133
4825125	4825126
3915931	11957857
21296	1417438
9489087	10886050
9046264	9077305
1742984	1018961
12330708	12340023
3906496	7730141
1841731	6013689
3908269	6759564
10489236	10610226
246492	4489360
62633	1322711
820568	2594887
1911902	1916123
283618	715062
6767172	6769572
2645103	6011706
2644588	5872288
4943631	4944902
5300746	1163339
10714657	10714663
2059963	2059965
5930445	5968180
321488	1120374
2645095	3494711
2644578	6390853
70064	6316325
3823492	6052396
2644138	5413688
2545626	3186302
15845	1001943
56304	6172527
4016823	4125905
1726028	1726641
40624	1180187
3826046	5306640
1673240	1675842
9741350	9628046
308118	5404892
9111474	9111448
250803	1120374
6767198	6769530
6769478	8604629
4014041	6319261
6033297	6034619
3345278	7482201
3396615	6958421
6787811	9292984
1540776	1539827
2011541	5202819
2011737	2165498
9960945	7845987
2011743	5093471
2011744	5156911
2011745	8551307
2011747	4799748
1886032	3492632
6014230	4549517
2012624	6616638
5205851	5207839
6289528	12782812
6905979	10611922
9979314	6688816
2580755	3276038
1078051	996231
8592658	8757848
251111	1701857
8592707	8757752
240411	1043613
1934810	1934994
2288986	1876107
6266817	12607987
3511793	6299044
4814606	4814611
2013883	2595266
6102504	8502648
6104553	8473632
6102502	6398011
6071435	6090515
6071425	6090507
268626	1265521
4015360	9162168
3847206	3847303
266982	12548838
250023	4540899
3903626	6472426
9496083	9988955
16675	6310398
7404438	8059357
717764	1180225
294391	4818221
2276584	5090599
7404287	8060314
294167	5362614
9331190	9667531
285728	1249828
1134497	3980246
38664	3153679
5832588	8058902
6793335	6794707
38354	2097031
2879549	5939971
5823438	8155060
1885921	8458504
5786083	6155276
724978	732395
69868	378564
16469	8429020
6673199	9635945
10814778	10814781
12373858	12386346
387499	8103981
8326263	8327467
8276424	8291724
64597	1588765
16790	972585
8276492	8290567
2912626	4952474
8406017	8415643
5850272	8642434
2294027	5098282
3914001	8188101
69368	6583332
2300671	4981570
2300730	7327773
2707122	2707263
9683970	9683985
1950920	8444350
6352611	8094183
3905946	8055649
2498728	2500568
1951706	4960329
1877076	1877079
4498996	7744236
22604	893860
1167463	1312077
321925	1120427
6054867	6054871
436497	6564674
9081241	9124276
2484947	4838284
9044276	9071086
7423018	7423427
244051	8662953
260602	4809145
1663267	6966135
6003900	10888711
2290314	5127018
24890	1571859
2290374	6958384
2290378	6984532
11270606	11270647
2290400	4767017
29012	5626486
1633883	6765450
8341486	8343306
2012103	2462711
2012413	8964337
259166	1275665
256677	2469132
67688	4603569
447047	4676495
1745364	2418925
2361167	6995495
3994489	3994525
681586	5242014
2192509	2748872
2192510	5332325
11210663	3020261
325787	6442993
1841691	6959190
255189	1140343
1785015	6394280
1225663	1226347
1887248	7090146
2096051	7090146
454490	1308213
436519	4632051
256422	7090097
249752	7090091
7590720	8068776
1911993	1567441
1567440	1567441
6263096	7447718
3912901	11322234
256058	886758
997882	2960229
9007127	9007130
3824763	6677725
6263045	7590186
8365223	8993433
2033379	7886333
3713224	6959769
2361465	10008406
5272845	5274248
1887270	4902673
2361536	6958189
2013515	5332641
1869549	1869565
8984782	8993336
2361549	6781184
2011549	6781184
2361552	9958022
8769865	8769846
1140180	6760918
27653	912249
8924397	8569197
1636259	4887250
2738508	6563333
2012433	4636487
2012120	7897255
2325972	4930369
242678	5297978
12330398	12339992
33484	2510316
258202	5394748
2331646	3074503
255050	1078315
2358723	2565992
259020	7201218
5000887	5049047
237681	14046285
1671788	1672183
2359379	9983782
2359888	3492641
3907754	6012363
618586	1707745
259753	1795388
1744883	2828943
257600	1732123
3821926	2025421
2360449	2423026
9133193	2440690
1640068	1644723
2360466	6363288
8200557	8199113
1872015	3186762
2360568	8059235
2501468	6007529
1744777	4853209
3903451	2469347
5214659	5215010
3904842	11698960
2360613	4943553
2360616	5046346
2361602	9249488
1580335	1255863
284310	538847
54282	4705859
32677	2772452
5205849	5205596
8964393	8964395
2360937	6994635
6033287	8403015
6355310	10068539
1096464	6958400
274000	10087437
2361062	8057463
2372824	7829789
5495439	6961610
2374028	6983435
2815359	2815597
2375978	2533558
5166594	8057125
1633598	6937338
4442404	4443020
2375904	2881828
252682	909298
8406020	8415643
5746757	8057608
2376052	4100872
2376085	5118362
4963059	4815170
7521601	11024951
510532	2783443
2681851	2682054
1774038	1775471
1774039	1775475
6356778	8057093
6355875	8057112
2797589	8057712
5175105	6536373
3628522	393629
2543234	3492333
1782734	1782903
1670795	1784673
2376504	4505747
2011769	5924621
1998212	2440273
1970228	5696335
2011886	4261469
3917436	6468368
3823783	6957551
1725289	4740553
4828091	7707773
2007	340446
395054	5129485
6460082	6460369
892903	892904
9208888	9208944
1232224	1128666
2044663	6144700
6981346	892905
9968364	9968363
2377626	5974514
2846022	5096925
1719376	1719587
10195388	1139828
1586727	1586889
2387450	7562035
7895052	9288004
10153828	10009113
13443198	7563122
2387616	5984667
322733	375816
2387654	8060416
7561945	7561936
2631696	2634557
1486182	1487228
3903441	5556671
7561878	7561874
1543648	5556671
2387800	2682286
773167	7562105
2645068	7746836
5588647	5588652
4546353	4892511
262087	1387469
1225588	912268
7973416	7556526
10492999	10004527
255363	5626499
257352	5305065
2045304	405278
6108799	6110022
242033	2133986
2294028	5098282
5850816	7353974
3010212	957751
2407784	8948197
2407814	7482120
1226188	2813017
42789	4878788
5217291	5613184
26904	2550564
2408128	4819225
8355756	8361385
8365594	2466537
3184023	7447683
2408407	4850686
8200606	8198883
5207754	10325575
8927411	8940343
2011772	2453408
4499694	5597058
256815	5140824
4288348	4587444
3963879	3964174
10183268	7657573
6270482	9948056
2210329	7363216
5193572	6989099
3915949	8063432
399739	912221
3777939	3844372
8865504	8866198
8926268	8937735
254721	902622
2033154	2033307
3777833	4793149
3909993	11110112
17494	1234171
2635072	4093288
27829	5919536
3906826	9843074
2055367	2056931
3920728	10032497
1325014	1149408
2011923	1229985
8240444	8329793
4360429	4360781
13983483	13987628
2011934	2441053
2011935	5949814
284455	942770
259276	10576429
2547914	2569271
6782529	6798348
6782518	6798373
8350823	8350825
323149	4941921
41923	1576189
262209	375808
490262	391544
2635761	1299178
12822982	12822984
6585143	7366457
256020	886738
5171281	5178158
1079590	1079527
3667392	3665226
270771	5624052
2142639	6966705
2275532	8198801
73155	1059767
11006255	8551557
10120906	10120908
6200452	6200480
2208530	2849323
241008	6109938
8927906	8940038
270680	11282207
8921855	8922082
2545466	6992140
2542496	6958901
2869113	5611053
6265980	10004623
9089217	9132077
2546653	6937464
1225403	5590664
71055	973948
2140381	2423943
401673	2453206
418359	419211
5796744	3767564
4728719	11030348
321632	1120453
9120130	9146285
6665469	11104448
10684143	12344137
2044666	9931889
2545391	5023028
2393	418113
2545390	2960992
992782	1467295
9084734	5037232
6003945	6003947
2646048	2565988
1624818	1869644
2544140	5042017
8979307	8979395
3360311	6803143
2545342	4339716
2544725	6564657
4684440	6803143
5493763	11443164
8398703	8948842
2713367	5874914
953840	8501384
2542938	6970312
11633508	11636988
2740130	11112863
261729	720987
3910162	10750566
3910161	10750564
1756854	5109302
1290713	1488553
2360050	3704648
8226814	2100082
30572	382005
2462626	2462810
741702	742908
1745288	3547556
5667797	6543322
3129788	5616046
4795395	4795396
67030	1120457
8463158	8463448
46007	1247074
8208236	8192231
463451	12341219
9046807	9077085
5817667	5891257
2852333	4995427
3405486	6994592
9337231	13077840
244476	5118746
25865	4907274
8791756	8791763
1125727	3476756
2891604	3816665
2891609	4918562
4013887	1319768
9009282	9036297
3168213	4489306
1572855	2857483
3155486	6993984
3825923	11710361
266048	5498607
71020	4822827
423148	423962
5178296	6967116
3821006	4699634
12143838	12144779
2542294	7946038
7548766	7560306
9828318	9973703
9828319	9973703
278567	1289371
251947	957872
3726248	5119022
2643719	5093807
1079109	1632162
280972	714672
2091154	4833359
2091183	4886462
10356285	12988593
2057188	1797538
12193275	13976955
270251	971531
4710265	4716799
8983005	8542353
264111	918243
323399	4587414
8521314	12010571
1304619	1307571
887076	918092
1808186	1810374
311786	1305776
312894	956514
7402200	8069908
316854	711569
419283	419482
1825315	1825599
1803	380517
52298	1546680
3918214	11210945
5325988	5327655
2568582	2569158
3995877	3465972
42056	1132747
272380	5200175
6539477	8786515
12019714	12019726
8438325	8452087
1224114	5016066
8769596	8769610
268091	3466322
5367166	13281180
61441	1156014
6794876	6795632
897514	1054679
2143067	1158759
10759835	10760847
3260305	7689051
244530	756753
1687426	1694184
406349	4876062
307299	8076050
7476276	8057584
305614	6483158
7476414	8630478
11827693	11827732
3736266	6803177
8826240	7090335
2163193	5180041
7476022	10779519
3818196	6781940
1745292	3547553
882806	882807
4986537	5006246
5213802	7575716
250359	7761461
396154	1444932
1666262	1666979
3920758	6768948
60108	1429468
10799386	10799397
9828069	3270689
9623465	2418208
6713299	8606410
1360047	8220393
18054	1120479
23517	1512787
3906438	7993634
8988170	8997562
1893876	5870638
3819692	1207566
3312992	8055519
9059015	9102407
5462960	6803087
249354	5985593
249116	720967
1638805	1639216
8912843	8912849
3312348	6781855
6090281	8922221
5736270	13463744
6354909	8057114
3168471	4451567
262943	658042
2208515	4850443
5521254	10321412
2953725	9762658
4013774	7298392
3039168	5973280
3181401	7448441
3181203	5099380
4694580	4810501
5744251	8074420
2726731	4819105
10699780	10699783
3774679	7025949
5744238	6129859
2012203	6286829
5506061	6781856
8040139	8245309
8242288	8242235
10788367	10788372
3154670	5302444
25000	667050
16266	415025
9209144	9209609
6465871	6467182
3434295	8026492
4985101	5100819
10040590	8091661
1453520	8091662
11245525	11245529
3818046	4966797
3822525	8491054
8594956	8649628
36456	770697
627287	1483123
401809	756835
24656	869327
277782	756835
11912086	11912117
530044	6781056
10740622	10740633
3178388	4892415
430166	1890390
43210	1150253
1886760	4872811
3920635	756845
465958	756845
2892563	8637330
277779	756861
2012207	5613066
3377158	6781788
2012545	6781787
400184	2192288
2011620	8109683
7010166	7534240
9091605	6804848
1068951	1070648
881115	517614
8388932	8395343
1963092	1963258
1963116	1963248
1991007	1146292
6350084	6079751
9170020	9391499
2877538	3451102
24714	1236674
69596	6820133
6146098	6567384
7423366	7423429
66312	978077
9741111	9948053
1570650	5468768
10510559	7100253
2083159	2084092
2892770	8575137
5170572	5170585
4079763	4208062
7494390	8060404
2032680	5886740
1963131	1963237
8886752	10740343
10737968	10740150
4748883	4809987
2892801	5965662
3738097	6446884
6365893	10624040
9295801	11085204
5147239	10094318
2012756	6083006
11527818	11527836
37921	9461653
3444898	3446201
8207592	8207090
1123054	1126086
6263861	8548261
12312270	13752755
6354147	8873430
3014896	4814969
24435	881528
3634306	3652965
8045414	7306435
8341425	5549149
2645159	6707699
5027610	1779524
11770668	11770788
3903355	6468379
36328	770687
10854712	10854731
7737269	10748190
3168068	6985115
3820499	8426457
1841519	11215041
3428602	4827340
8564033	8564608
11843511	11843555
3822958	10774587
10799727	10799730
6722328	8458738
4014510	5423043
2496188	3660174
6713554	9666453
4012975	9866942
495642	756736
3738330	5590903
1886486	5655965
249619	6761128
6265578	6319508
2210757	4935187
5825596	6155250
2012211	6098232
2418326	13608758
3151145	9851171
3152235	4815954
9193320	4333052
2821392	7267305
31310	756794
9018842	9046034
10080889	9681247
4717981	12186984
31311	756794
64213	9945556
680940	732342
10714797	11052175
16031	1120496
8893959	8893964
3358586	6993952
405518	756738
619767	1706267
3738812	8059371
482091	7309618
3170985	7922617
1951507	7028074
2465189	2466711
6040269	8057159
2168715	3197583
1040745	2137370
1417457	1417459
6665141	8544400
3245951	3247369
2013098	6802959
1699244	1701036
1112167	6781759
70003	6802965
69555	4925466
3402324	6802975
9077352	6802973
1454368	1457087
242975	756740
1886397	1917285
4011673	4936009
2033221	2033259
69527	721001
1886393	5111875
1886392	1917355
3442119	6759657
9510590	9667533
69143	5134330
3823795	6763613
3181196	5892590
3170978	8055991
6356052	8055991
3356306	8592152
7240123	8838167
69053	1272163
17808	376777
139825	2796127
3913952	6759551
9506167	14018297
3911965	6559006
3178315	8074286
6268628	12861642
11204919	11204922
2643432	5122516
1466930	1468253
2642798	8577730
1640953	1641727
8933097	1456056
3861622	5172634
3037749	5973314
6898301	6995223
2211121	2211093
2642783	6484226
4463166	4876810
10734418	10734920
3723297	5714606
10287825	1691145
70601	5433063
6442679	6445530
4744207	5129482
8819167	8819183
2012397	4716783
2644601	7575065
3823004	10774581
1681210	1683021
370763	2783520
35390	4982594
6259658	9930803
7733380	8987433
5888002	1143327
9751280	5910416
8244041	8244097
8243991	8243898
8244021	8243895
8244011	8243896
8264318	8296813
6048849	8683808
1774984	1775413
318236	11690632
2663365	5892647
3561913	6759275
40080	990350
3915943	6217552
3347398	8805317
3200899	9817929
10729851	10729855
242245	1695211
9438561	9439556
244507	1810421
4014303	9144217
6126340	10886076
8761951	8761954
2012896	4969698
2438405	2442720
15834	3389443
3587901	6995079
3818068	5577932
6040317	6958315
6817381	6817646
10628312	8564368
69013	872781
52320	2494108
1495776	10836704
64605	4810503
2644141	4892483
2644140	4892485
8662184	8662185
4034855	7442551
3608109	6460520
6033253	7968073
5182619	4683161
2013861	2149224
3915020	6468325
3163333	4991279
4437564	4443092
3345303	1641727
1333574	8198709
8574782	10886028
2013869	2822975
6071445	6102199
2033561	9471772
6817231	6817689
3413237	11245733
3738560	5645249
3821991	11476408
3350129	4136850
2033224	2033256
3871263	6065826
2033225	2033251
3350127	5496006
2265813	3704101
4099328	6965612
323455	1484966
270678	2429842
1873854	1876107
6102354	6805956
2014631	8060411
6064935	6475805
1510742	1510722
9058327	9102744
299195	748960
284840	406542
293622	956382
291224	1408296
7394354	8630498
501837	1926984
309782	4931539
2473	1799811
903287	10401315
2852332	6803192
2036219	2888083
16493	907309
2311385	5859223
2877260	9820798
1553496	1656754
69871	7826399
1655876	2447327
1672463	1673103
269161	1052981
3738395	5588642
36864	3381589
4442407	4443012
8903321	8904119
8903229	8904127
3991471	6459294
5144439	10776552
749788	992357
2912576	992357
2266884	2606060
961157	8238745
2300663	8985990
3723154	4825026
2301328	7262099
1739447	8229530
1739442	4925573
1739406	4866955
6253883	7224868
265488	762717
1062560	1063469
6665082	8606417
8277259	8290460
6352605	8094167
6349832	11114301
1103251	3378835
1954966	8539319
1955043	7589940
8282103	8288441
8093850	8093851
394206	1362901
8277023	8290507
1773807	1773916
2314969	3479111
8277039	8290506
3913412	4532911
6257492	8636415
7144305	9944189
6113192	7227869
8365588	8366549
8264597	8294679
259162	6966730
7909936	4636487
254604	7589776
254057	912259
2999145	6993854
6250192	7065081
1839485	4603569
2663242	7261966
5667738	8606406
9043649	9079607
3915048	9994267
8200327	11069120
2317501	8058891
2315296	8058891
9735593	9989603
5731005	8055639
4404017	1491116
5252833	8057149
1505555	1555610
5161310	6385113
1505556	1508703
3735845	8495363
2322702	2825206
3920730	4808277
9044339	9079421
2842504	4637523
2033532	7261973
2361423	7289292
7227109	7491549
257412	912192
2315323	4456312
10459813	10683633
3904637	6668119
2968927	2973946
2968924	2973948
6665655	12051175
2871404	2871415
7736932	10713152
4700001	4814561
2012935	6803147
2013533	4391803
5263806	5014473
6123094	7102057
4489474	5317524
2014655	4508050
3906384	8580348
4134179	5391705
2033420	7760982
7442816	7481600
2012948	6803145
3748604	2211246
8267271	8294530
257441	8881544
258450	378555
10493003	10009770
5479675	6968881
285428	1952826
3822060	7445575
2952175	5413711
256981	4728145
419055	2796173
1230478	7289291
20742	4418187
8277347	8289982
71573	1371924
9056172	9092430
1792116	1792279
1251268	9709286
1288	395138
8264416	8296774
2362153	6758010
2362244	10790218
1934851	1934966
1886956	4954061
1887452	2033243
1690765	1693845
3912473	8825481
6266376	10648434
2376030	4878318
5206944	8057092
7521033	1290642
1998209	2440273
7519308	9952328
8277373	8289969
7589923	7589930
2376171	4815159
2086563	2086775
6267938	8055505
2376400	3674838
2376471	4489369
2376562	8057171
6266328	8055445
2376663	4402097
7780395	7780485
371568	1005249
12381050	12383021
3391231	3393131
460195	1227710
5205192	7785723
1779262	1779401
2361646	7316232
6024798	6025838
1864529	2626509
10294478	7563406
10294480	7563406
3906841	5941270
3906837	5030231
7954235	7563032
499581	8545063
460931	1558892
9199114	9199208
356282	912268
10087762	10087757
2033566	9101407
11041867	11041876
246219	7441570
8941443	8941470
252805	1926499
8227329	8332261
5028228	5028237
8267216	8294581
8326167	8327781
8355783	8361353
8230010	6818454
875843	875862
2408598	2466558
6159779	6161517
758203	7298438
5259220	7481827
8015312	10334996
2543784	6803141
258788	7657645
3913904	10745507
8045943	8048444
3818224	6803136
5666242	7577687
8865924	7657592
8200683	8198804
2033473	8472810
2012677	5831113
3594718	2440204
3443191	3443378
5448862	7657643
10704352	10704404
31234	1311994
784628	2418137
2033475	6823580
2012994	6969861
3906314	10004447
7737151	10742072
2012684	2165170
2012694	5976401
2033158	2033288
2012695	8785605
2033159	2033287
252751	7331574
71059	1232028
2012486	9833581
2013020	5172630
412026	424014
254173	1320769
3903703	5596969
18575	976292
4850103	4851216
245417	4184977
31271	920044
23928	1592833
1405937	2030144
4233617	4599822
923200	1396498
1469638	2974417
411906	1396504
3620093	9839006
1225419	8240784
2711755	2711771
681133	2363606
6260531	8060007
3619415	6803160
6665217	7315481
8922027	8922059
9803404	6763453
2540987	2623435
8590619	8591613
6665775	8472554
4479418	4480389
4597887	4599361
3628966	3640601
2540957	2623454
3815016	3835289
707445	734682
6262446	9771758
2540948	2623467
2782092	5189514
5613114	6961642
2540938	7447160
7794549	8791304
3330573	8630616
2542408	2603618
2542958	9447162
5276172	6805949
2952798	4533607
2541845	5944713
1853710	6959425
4179624	4180377
9192277	9192521
1417341	1418622
2044729	3028929
8200756	8202040
8200757	8202031
1829082	2767882
6262377	7208098
6661396	7235006
3738126	5065436
276835	391503
67091	6389691
1305718	2741162
64661	968631
1110753	1110788
1486980	1487154
10716784	10716786
2542297	3433031
4012925	6806050
1637164	1637599
42059	1749491
326524	3177261
8597480	8642484
2392405	6809156
4627443	5449015
9055839	9092505
3129954	5475096
8271848	8292463
4817464	4821407
9041970	9065799
9280439	9271881
6391232	6391612
1704221	1705304
319191	728957
2375611	2375612
250550	1656956
408103	766082
251864	5623992
4755076	7166982
8017478	12574608
8594693	8700698
39611	1277037
38003	8076529
2891824	4814947
7396557	11134605
2659852	2660274
2439732	2440898
311807	2105378
10218211	8111646
1780692	1782941
3454509	3559103
493016	6579914
3908141	8094441
8271825	7062677
3918443	5311346
6531076	10036695
3200425	11087994
246595	960490
462728	6668072
241668	2397834
5278939	1014897
39600	517629
882776	882777
3688329	5152757
20558	933667
39609	404813
39619	999809
286417	1249642
2348096	2348583
35186	921896
9754986	11114855
2014003	4740600
2643700	4912186
7475165	10739711
3823998	8057698
292053	2051883
7475827	10787228
7442750	11768012
4803388	8240698
586669	2735387
8886963	8886970
9192464	9192497
4590071	5127068
8984838	8993332
9081078	9124715
6864841	8489539
1500015	1501189
6817121	6817691
247818	2682348
1047652	1058508
7733151	8057744
3181703	6951142
3413207	8936895
5513983	6055834
2033547	4473003
5518712	6805951
2641411	6971012
8594442	8713658
5726743	7589875
5538632	8446559
5539027	7021222
3150529	5023338
7736543	8142193
5774939	6567355
2821461	5052643
3823111	5486375
8591946	8586327
248313	2840228
2663125	13015327
2892452	9681234
5849325	1014222
8190338	8191273
3908531	6473894
2892467	5138881
