# ids Tatoeba (spa \t por) de cada linha de es-pt.tsv, na mesma ordem
2532418	5996667
2639	7730780
461028	397638
4688205	5047722
9665408	1227777
568148	7668708
1238888	9453747
434533	1068671
994085	994300
1240813	2604070
463434	999732
974446	5139487
537850	2064335
8048220	8048439
5863992	5865059
1643245	1644591
6001853	6958359
1332204	5981850
10072434	10072559
475739	5642188
703137	996185
1856411	5263019
687587	5095948
894279	6087671
867225	958330
1905626	1687746
2160667	5585977
7207754	7207749
2802	2105853
3035253	1775464
1287381	5933626
855587	411422
537408	405538
1767657	2363643
503555	411458
380198	375145
436802	10458382
464491	746718
1194048	1191703
344138	1150563
776396	1150565
580839	1054289
1020715	4451578
2071813	5933540
2823	340624
1425849	2562007
2536604	2550615
359482	869442
1198554	2634577
864893	1048220
2138182	2139375
380894	1227777
1454309	1455434
4559301	4559299
696545	1198221
5584722	5785616
990078	6804732
2868	1916107
2148535	2149238
1875881	12668882
2762237	8472740
788144	1236730
765168	883051
1104145	4458479
4559300	4559299
1469844	1146672
338917	976274
567836	1147939
623882	6216527
769420	948814
409564	405521
1408472	1412422
8702689	8729241
918970	994294
2084646	2059814
436688	2717118
1790505	4982589
5101906	2811887
454552	2363692
3899707	4031524
1237177	2623475
1075100	1075629
581228	1194239
1387850	1377018
1556798	1656671
359507	959326
1384803	4894274
1436776	2135112
4687473	5047770
343490	9700178
10021058	10501814
4688267	5047715
493008	1255934
2939	393502
554814	2218731
436260	397685
4690132	4451556
532556	10133634
1057673	1926917
1745937	2222007
1302413	1076837
1731931	1396819
609171	1069397
434345	5588712
750168	1554656
2291939	2604118
8197895	8197887
481965	788787
724025	975859
1455679	1448021
968575	968598
1386195	1394546
435829	1649382
541351	517629
539374	2626835
1371521	9447118
1901176	1900388
2999	697449
576380	9534497
2405290	5042068
2068090	1934998
457850	1236279
522287	1458354
727330	9457222
988300	990391
3027999	2168919
1268477	5981158
4751004	5624745
2585458	2595297
10086798	7090147
2086553	2086778
1172620	1230677
2355506	2357846
1061011	1085039
2741682	10511550
1348352	2845070
2162976	2165250
2163011	2165227
490274	5181053
2532847	2562021
1402294	2139438
399804	1304446
5584720	5785619
626522	821091
2267107	3491417
506771	3122078
10028990	6953005
4704775	7583257
811777	957767
1001837	1291745
2177095	2179485
4958830	4967152
2961	1236186
995172	996204
2008791	2105707
987339	1069451
702644	394334
2174936	2179613
329820	1276914
510165	2175753
6733864	1380271
945723	3070833
1276870	1276875
753498	2147026
767218	1009087
2353227	2363666
8187810	8190254
1894107	1909878
345518	977818
2416342	2418123
1384675	1799809
1368382	6394762
724278	975836
702964	869310
620177	1039980
625857	1236372
1041625	1926576
667054	983354
2161892	2162109
1421514	1541277
864133	1541341
656238	978552
3071	397641
5584714	5785622
564512	2651551
376077	2179761
2483	380674
1054451	1054632
1415540	5115406
571793	973439
1715966	1715264
993301	9639081
738819	1082630
748632	1188835
431745	418137
2828919	2831273
991062	1587168
977761	2147080
7774697	9639041
853480	1873947
1173895	1382201
962919	972322
10072440	10072595
995807	2166855
330102	3092839
1968931	5982563
1562222	5987725
6056851	6056849
1305449	1504233
950813	950815
2482	893320
3414710	3414708
1268528	1268650
735725	931944
987463	990433
2142915	912181
951182	1066640
1207488	1218522
621788	752757
964558	993148
850006	1431408
431975	397074
375833	390881
5004148	1139594
461022	340364
1072515	1072522
535195	1213913
2006315	1200017
946593	956555
431994	748801
2353306	1201186
2464581	5982589
2005522	1564643
455952	576712
6682441	972209
2160346	8955804
476109	7575419
1705592	1926490
2075063	10573777
4807977	5432045
9696193	5165040
10801850	8558722
776952	1189907
435153	411434
600457	755727
2859	1376928
779885	1011195
2851321	4674238
376608	331975
731546	4954509
2117415	5031189
4456338	4456423
380916	2500507
10022305	2115296
374542	419916
520003	1202031
855465	5965487
436380	974406
4772121	8926586
333597	340707
1179060	1139584
9932782	9932795
2732593	2732597
1863767	1864395
1139972	1139672
1771991	1198157
1745814	5965487
436378	411527
4687813	5047735
397688	397685
1859623	2105780
2998	375197
1237128	1213979
1280109	2179341
861986	998029
1308724	3883003
635932	1201164
2532	1198186
584367	405603
1013498	6804852
1746984	541473
1928064	2098686
1331674	1331679
538633	1877137
1280027	7447342
1248563	1336438
1781058	1782593
1042891	1132598
1280023	576865
456124	1204990
2351575	2363762
493577	7803038
1286112	1229989
2351582	2363753
1237074	1236270
2108887	1829798
2626522	4870276
378279	378465
1687105	1652724
2161766	2162136
949184	956476
964276	7703192
1900349	1900340
532517	1206596
703105	411483
505823	1201975
2102158	4596192
1448340	4721884
2591	397635
964898	993085
2118953	1483324
5961436	7968028
609761	886199
1618126	2715169
7682898	6781325
9660539	3670176
977789	4808959
1633771	1382417
2001464	2106057
9855760	4830306
856269	1864439
724228	1230332
1892402	1877027
769352	3708893
1200445	1306973
435843	1151153
3231934	2631375
966502	1236661
2165484	2165502
524569	734770
1876806	5090590
875139	875143
9998577	9998794
3019820	4674277
2405304	4674277
1085520	2574214
876065	1030944
462485	952577
919034	867462
747589	4458479
2123036	2135139
1236878	1396871
436796	1381064
497582	960403
746446	411477
2489904	2853228
853713	773393
731175	576899
5629647	5980122
428810	916959
2008730	2105727
1651115	1652673
583945	579077
1904568	1909138
998415	844931
2711510	5037073
564464	879635
6172294	6696579
6682426	6696577
5961448	5982550
4935344	4704948
2780388	2773333
854588	996552
1240434	1111764
11836182	10537320
687977	1537849
786162	1909800
521938	1236657
5087546	1235368
528873	2179959
2718421	5150079
2019546	873614
1031581	1064880
504549	7209711
2484	1002391
449942	341216
375895	959423
1082719	1234967
703104	411445
512351	5187301
1289286	406552
8796362	8796347
4997714	5700059
1042684	1926530
2162968	2165252
1355621	1295997
1107288	1107317
2132251	2139578
508664	558638
3795288	1064633
955845	956318
2192005	9036758
2348416	2348593
4752632	3274410
2075064	1708619
2177472	2179388
1928050	1707702
2462801	2393990
1216391	5274285
1364595	1708619
2362336	2363531
968011	993443
9444302	4888780
2628737	2633346
6183642	5172641
1780970	1974235
945704	956581
1702832	1705390
1039832	1926608
1876913	1877018
985107	2348601
464265	6122961
726205	948890
1415455	1417070
1131063	1128666
5113785	8052961
496818	960338
6813293	6813421
1415470	2633144
455032	517432
9851695	8491770
1043364	1926519
514850	411536
1151751	1155748
9932780	9932796
743042	1471386
1305605	1048309
2081562	5332641
2165475	2165509
1777430	1782739
1387629	2754951
1841309	5236150
1943937	1943929
2068278	4589846
592262	1167366
1503325	1176111
526346	4603569
346602	950910
977537	886651
990960	1587178
8734200	8734201
3697636	5250130
1231089	2178685
1561451	6937697
1371987	6823580
2813228	2607346
1266992	902622
700341	879932
10000751	2815597
1408583	1070612
512422	7590773
1702327	5232253
745607	2135139
4398465	5621185
1189807	2804077
394306	380516
6942213	6942196
13966999	13967005
2134208	2139540
2142918	2147045
2125318	10629099
455782	731517
445794	1236730
1649260	7154745
610600	1613469
2138590	2139336
1393733	1209904
1615425	773393
865396	5009762
9942872	9943639
2953	404844
1236829	1236707
1020765	1072524
3573388	3998857
180721	1190052
531197	1571550
3988256	3988459
951274	1234148
2278564	11228660
2636	397606
2900876	2133604
1054518	1054630
812757	1236691
530553	1236691
442198	1234122
884213	978512
1776982	1782782
6866768	5105574
1180559	1266557
1280007	1052874
3180337	2053852
482540	1255918
1993298	8118929
1627385	5115379
2781	405347
1444628	2656933
9159839	9850100
2120456	4613274
9510599	10039612
1531186	2357854
1134797	1136338
5578651	5564901
1941452	1940194
493576	9701394
1901525	1909458
1180465	1180466
1180455	1180466
2476923	3085337
1952225	12561918
843289	2105789
496809	960365
541415	393713
1943526	1943983
1943524	1943985
947145	947148
454540	419139
618638	595419
4774154	2828942
943893	1308185
1832131	1829732
855921	995092
738733	5150041
1209530	2992109
1303954	697571
819695	1417089
1585295	1608966
1139943	1139828
2258404	9940130
1135719	1136725
1469843	9889124
854549	996636
4571728	4571724
817793	5975994
576350	1195710
883964	983593
495349	992386
1684156	1829696
452915	375166
1134045	1059924
483365	393733
2416266	1151089
1634606	1491116
1305233	1305588
536480	347619
684553	2474630
1192113	1192109
8580351	6289911
9969794	5863874
2465068	7090146
1555795	3761504
531714	1795388
2715104	6937790
356694	7657592
4616105	3867553
2169576	6957628
853314	1861604
1075450	2696132
656227	992365
2160479	2165395
456176	5250453
968831	993383
635803	1207158
574437	972827
2635959	2668602
1769257	2595018
1897145	1909774
1774817	1775476
2246767	7740215
4977083	4815170
2412476	5144004
4398456	10016925
576214	952878
10470831	4866955
4329497	2423026
339130	1005287
549314	9447110
856089	995051
490671	734682
738648	760621
866085	948649
1186700	1187143
1478725	7226005
1276080	2051793
3275953	1693958
9662081	4676550
345161	1221773
1392680	1392788
4179548	6995079
1940337	1940192
2108673	2105862
432212	1897666
855718	1009082
1698596	1698764
342341	1015086
686860	1052842
1249451	1249171
1360911	1361139
502060	869321
345153	993243
1604909	1180302
2177732	5150045
2174958	2179605
2170824	2651622
1058252	1053034
1136741	729205
1898692	1909652
1087878	1087876
985807	963555
2202486	9457205
1415620	1417000
345341	977885
817053	821086
2091803	2091793
1807302	1618091
3052971	8252421
9932711	8863947
4983117	4983113
2093066	2717120
1335862	1335873
2481129	2495536
1192171	1192167
1062697	1062692
543201	1456901
1905994	4401808
9725114	2434158
1392327	1392832
2632	379006
793315	7923881
968829	993387
1335967	1635910
1642654	1644642
1333065	1333355
10568457	7654475
968830	993385
1001465	378555
8022606	4817085
8022603	4817085
2587934	2595100
1935305	1161124
5097955	5700055
966721	968631
2148213	2149273
1713183	7201217
9472306	972786
3250180	10629121
2170858	2179955
628641	985297
432213	1108336
527253	948733
3224964	6774649
562564	9789595
968620	993418
1019173	3133089
4044983	7583176
346663	974631
740767	1695241
766829	1009102
579804	2704950
545636	1656887
537837	1288543
2166547	2166793
2351146	2363810
637425	530831
1249450	1249173
1278709	1588898
3055981	3082166
1595388	1019136
1720575	1721409
9932485	9932604
2094511	4589911
1941412	1940130
1054317	3446155
2434360	2434158
618539	1639331
1606373	1618091
506730	2175869
964559	993144
538954	2363593
1845315	4613277
330046	987653
2292206	2604047
1045979	1926914
2631890	2633251
5011895	5012923
7189418	7189226
1641794	1644723
5054158	6983100
461761	728184
5098363	5098366
2142884	2147055
10021069	10501810
1020486	1201162
2223583	1248823
436444	347631
2928	1200023
1125954	4819000
896649	3189525
330148	1075573
2058883	2060000
940060	1255960
1559598	1296150
511172	6056849
2789840	1649114
980517	990187
4163719	6950456
2828918	2831278
1897842	1909699
573187	1520584
1555981	1864388
1088462	2571874
8197896	8197891
2105550	2100078
1651412	1368223
973046	866633
855448	1484165
1917725	1917558
4916985	5981908
1321872	4872844
503643	1325505
854013	1021102
2581987	2595412
5138261	5865079
3611749	3611769
769402	1573205
1371012	1371616
1312746	9453724
4344359	4341083
2349104	2363866
454610	985249
2926436	2211173
1718179	8605885
9974343	9974341
1582120	437736
1783220	1417060
436758	8525287
621374	937104
1132211	1522964
867539	6216505
2171539	2179896
1904367	1904374
2292040	2604111
9905138	9898096
6116112	6122822
1302944	6949463
1483296	1483298
454581	1656959
1854954	1861580
2339181	2339734
637385	1608473
2339194	2339727
987246	988745
6054150	6775915
1132639	1132642
2482325	5621224
708108	1158758
857874	1006467
1284776	6774649
1697817	1697850
2178752	2179291
533181	734794
1315435	734794
1401384	1926993
994911	996226
1022364	1017759
6690741	7781976
625782	948691
2554705	8102125
5970816	5980052
843502	1018046
966393	983390
2671345	7589772
507161	1799811
966878	5101902
2159910	2162249
745559	970291
7563393	9834137
966159	6958547
4575415	5455233
1719540	1721446
8187822	8190160
8022988	6826846
8864142	8662000
1142170	1143327
1004736	5982719
1278707	1396889
964152	964158
2178745	2179293
2217507	9639032
339176	1005291
1781282	1782574
436420	1249838
1389978	998059
627275	8095317
3931377	5865079
5205467	5205477
2529565	2682095
2206794	1637613
766361	1005275
536674	1120374
651677	950740
5939242	7288474
703047	376481
2351211	2363793
1265511	6774660
520861	1156014
748790	5688634
345300	977915
916767	994504
540298	973373
631798	1487937
2350807	2363816
745574	974108
3012399	3020293
2055521	2055523
12019734	12019726
1416466	1194136
982813	983248
3487752	3487601
1058242	1057767
454127	2147002
1333195	1656916
2417790	2418062
509779	2153988
4182921	4699634
1937243	2839567
646908	7491930
504666	821005
922332	2389725
2986999	2978099
2753527	9681732
8022993	6826846
609767	948680
2460628	1846923
1134146	1394304
455700	1648704
1845835	1846880
966297	983414
1279691	1279102
2580848	2595418
12469982	7246835
2222182	2217766
1457257	1469033
3775427	5043031
5970834	5980040
834653	883053
4640787	4640783
1056264	1072441
1584886	1608985
1640111	1644723
436638	964825
747357	872774
434689	2363863
9969872	7007981
3665387	3665226
356079	978444
1016221	990391
2794696	2592346
8022987	6826846
442206	974276
8022645	5023028
5581385	6388163
687655	378197
979461	8656372
989548	1396853
916952	4566792
4579383	4540356
724280	975841
2409349	2403604
1068422	1268607
347445	974549
1003902	1108290
1333095	1333321
345494	977802
2121235	1775588
10459741	10458356
1125216	1126059
1053859	1054660
1053861	1054660
2118626	3463185
592340	5708458
892107	891306
509881	2153994
1585289	977366
1901183	1909506
497561	734713
1339939	9607617
2115865	1469507
9530969	9531005
6398065	6398069
1666980	1666979
3778408	3373156
2014901	7556550
1485007	5180188
1345673	4885786
1321828	1323013
1506597	6394797
1085425	2574224
2295366	4589907
3143767	5049025
1901483	1900299
2416337	2418133
3015584	3366357
503345	884305
477133	2086798
11303990	8244201
532558	576830
1835159	4589892
3780377	3748482
623887	1084473
9816894	4818343
1240375	5982576
334222	2217060
2093151	1461994
8022992	6826846
941888	1592017
501964	519267
1465155	6966730
1563605	6386009
3517668	10112304
436484	974385
9931382	9931930
5253133	8057149
1020658	4974239
568226	973531
1854315	1861660
724765	975825
2142893	2147047
1063340	1063478
1650303	10511722
2416281	2418137
4463372	2440204
1915026	1918350
1698510	3122078
2067284	3809668
2828886	7829789
481241	870955
546993	902644
2159615	2162262
1323627	1324178
2998449	2997671
865338	879137
3300714	2565992
2532853	2562030
5050760	5052643
1020487	1052488
665434	7421430
6158003	6696590
4383922	5023028
330096	3092823
6056880	1494400
1415629	1642805
4955898	4967170
1405834	2150892
569068	973505
966722	966724
1136465	3980093
2223586	8118983
1069932	1069936
339187	1005266
1705454	1926963
610860	1172968
4958527	1934936
1701398	1701018
783642	1003271
1713761	731214
916785	994488
1437426	1437836
1041624	1926579
853011	1926769
456098	1311465
734407	5982571
1006270	1006094
1089104	2571833
7414174	7414375
4613392	4613391
1249545	1380011
7316665	7342045
449153	397639
687833	2180074
338839	1236674
536711	909388
741332	1695193
455990	985177
572436	1446710
2944833	12548857
575331	405544
515909	2454376
1989704	729658
2090165	2166806
2869408	6970833
524922	2053840
339695	936793
1773922	1773923
528315	1900263
1408502	1412412
7933197	10930978
436792	1234223
7585959	4966680
9921	405246
1129738	5127197
1189218	1189216
862011	998031
1649138	1648708
875820	875873
10157066	6536370
1832092	1829682
449793	2102418
2348417	2348590
2348414	2348596
2348413	2348598
1315957	1470047
1567412	3128825
6994097	6994860
6626913	7447339
10054454	10054624
845631	711562
854285	958248
728373	2162122
2130472	2133949
1943529	1943985
624028	1583355
1717394	1718300
2136778	2139455
1901472	1900314
2178061	2179320
2178063	2179318
1367071	11990642
2351511	1775385
1868790	1869853
2858	378205
330665	1075616
639349	1204957
495325	1238096
613092	7223085
1515258	4752097
1249546	1215827
668331	1396673
2532897	2562003
1173884	1288520
8864145	8873531
1641903	1649363
2856578	6958323
854028	1021117
1686800	1664121
1880045	1909447
917713	994419
628037	985317
1535582	1536944
568090	973540
2250829	5152150
10028749	5127005
2314216	6958384
126566	942453
1415583	1417014
9885072	5699299
636810	948704
2139080	2139321
1244918	1102492
343553	880486
1370337	517356
1286025	1302347
663654	893414
6003372	7196502
9468	4411442
4557082	7993307
1488807	1488924
1047947	1107379
998494	1064933
7160146	12842470
743848	1250772
652393	8195336
3123554	3139292
3899835	4031525
1897641	1909715
345211	977959
1469881	1491900
721570	729712
4398219	6937336
928114	958404
859503	958501
3677278	5139074
6813357	5237063
1063265	1063269
7747609	7747866
2799470	2804169
2134210	2139535
619209	2562002
2138589	2139336
1494625	1494400
8037552	8037550
614460	4632082
1550650	8022613
1316002	1255934
2471186	1446288
7157428	7157429
8037600	2595537
1523005	1521624
1284887	1291745
6056889	5564910
5631975	5698016
1074911	1075645
8864157	6902810
1302201	1732039
464587	1190038
7248387	7248394
497588	1277341
2008094	2105783
2711425	2715231
2132489	2139566
1084775	2574312
743327	844906
10033011	8943652
6730130	7028177
7682891	6781764
4123063	4124443
1775576	1775686
565804	1084463
977620	978087
465056	1396784
1006294	1003393
2352848	9622418
1265436	1487975
693260	1324294
965734	965892
9802795	9802862
860137	1063476
340236	1001943
760194	964741
1136636	1136715
1295802	7827830
1698582	2324632
345254	977920
1003106	1312046
831506	1236247
346346	1613204
1086745	2574178
2096581	2162165
999050	999053
1075482	1132536
1915354	1918345
330626	1075592
1136459	1138767
1330703	890724
2711187	7372448
2638	405333
1531290	1504221
2132127	2139599
1279248	6958559
1427981	5101894
510168	2175755
9751864	9725138
963059	972296
5660977	7196505
1403315	1403318
7780493	7780490
9932269	9932271
586147	1400528
338818	1557746
10502071	10502076
1897868	902663
2339180	2339738
2339192	2339731
1641909	1644709
4955902	4967172
1057248	5131358
1006992	918097
2268715	9749352
963060	1587228
2876673	2961040
1911781	7195618
1389714	1388848
356100	2695433
981726	12946295
2552	406453
1641737	4514415
2003571	1062593
1721251	1721281
1136370	1136373
1275155	1275158
4026630	4025513
1080768	1082794
951301	952591
1386696	1392813
678405	1301869
730320	958498
424037	424044
1642596	5019497
1898553	2195739
4745446	6938655
625397	870865
5177815	5178090
2159607	2162266
2573350	2595581
1408173	890724
456102	985161
1005347	1005316
1085523	2572030
2086562	2086775
345478	977835
576059	5919531
7488135	7488138
9946496	9949841
1142118	1143377
1142046	1211740
456048	964107
6372852	6374745
499731	818356
687741	1396819
1896079	1909856
1327281	6394770
958365	958473
623884	380496
1726384	1145783
860427	7715710
1504241	9777743
431983	2342789
1361266	1362930
2133336	2139549
1240335	3122078
1824833	5933606
1245281	1161662
2173853	2179753
434347	5594042
1904178	1571266
1481670	5688553
534048	2104106
1333712	1576978
1550648	8022613
554894	786801
1010202	1010204
1705568	1608917
2084359	6216586
585066	584683
2351650	2363727
745954	4786661
1652333	2577590
1003487	2363850
742494	2363760
1136009	2738512
1249511	1217833
765230	5109138
339170	1005269
1172730	1068697
1236885	1236350
377265	421901
512340	393511
1549222	5700034
2917308	2652951
610310	1235332
346619	4786661
345513	7703193
562160	7703200
1237155	1446288
2353081	2363675
2532724	2562052
2532723	2562053
580191	972619
950316	956452
1410069	1563638
2353251	2363655
536567	5170391
867693	5982546
2004407	2933893
616158	1212961
1359758	4742651
2856577	2595537
436864	7562033
9885401	4815129
1726702	974374
436556	974374
857261	974373
854996	1229796
3562778	3389209
573705	1140343
1824979	4388094
2638640	2651553
2456827	2456826
3049325	2631362
966448	983380
2516652	2631362
614452	5588720
1468396	880493
2002087	2106021
3111509	380578
3666716	3666711
874367	732397
9969805	5200172
1535227	1537036
746893	9457226
454135	952577
4976667	6982252
2011045	2105600
2443206	2453595
1778449	1779487
8022632	3486652
4624182	5262725
1644283	1578564
2807	376748
1401909	1446447
535036	1188823
2898109	4683349
4456343	4456420
627073	985356
1912281	1912117
1912269	1912128
5578648	5564910
1518738	1520468
858271	1708549
1268912	1215876
3204975	3206337
1072424	1070405
1535462	1536988
9820915	9820906
2901077	6314526
564199	393598
1705595	1546073
765244	697449
2174932	2179619
475516	382022
589788	384765
1995852	3691568
2351304	2363787
1641087	1644744
1238891	1218018
3742070	1043900
4551451	4552580
2084661	2139330
2138943	2139330
4548668	4549517
6172274	6696584
3666894	378454
2120802	2656933
1188956	1236681
1278084	1799594
454186	979123
1580468	1580417
937874	1396850
2258157	3692874
757859	1014972
624890	1583339
1139995	1054289
434245	1006405
1222617	9700737
341770	2707876
338531	1201125
457508	6195763
399593	5688641
1365413	1732112
503721	1246593
760110	1005249
874247	1404043
1361179	1732334
1131094	1387533
2901051	2550514
1080787	1082763
1207510	1218503
858048	1708580
2195260	1940152
1557462	1557601
1699281	4956461
1053194	1580402
9715045	9715043
2290094	2604169
854015	1021099
483336	2133957
1031697	1064902
1057059	1058063
1869228	1869801
10554573	6149501
1909461	5688644
986542	5596816
724290	975833
339264	5638162
800823	1177109
1069977	3192868
1069945	1075706
1030845	2162158
861596	998072
970908	981179
11052052	6956470
1031700	1064899
4983119	4983113
2992161	2978102
2992160	2978103
2120608	7006602
620457	1021157
1056246	1072442
1855047	1861564
3715472	6959769
2935615	4929364
1112563	1112626
2175432	2179573
1122736	8059965
975750	1926977
1775546	1782814
981151	770627
855982	995076
712963	1171049
1642977	828953
1439431	6398923
9942741	9949857
338701	9683990
1642614	9683990
704659	1485042
497609	1574810
2585662	2595205
1344777	873454
765528	1009124
726088	1396835
493272	886614
631776	5981151
943870	956615
521053	1532887
1421648	1396457
2834446	3854903
968867	993365
605683	1649150
1778421	1782672
9942745	9949853
436760	5130985
2856591	9591574
2258308	3186468
541130	1023206
8797788	8797790
2257066	5610159
2173828	2179785
856706	5129415
1503442	1161176
1080891	11566126
4065063	9457250
1020871	1020879
745637	913047
2246952	2418128
505854	2175889
977577	978097
8189029	8189699
1329535	1446675
506755	1075385
722691	950741
10490847	10490861
4429631	6790198
1841750	1484153
1584355	1609096
962814	1288384
2170644	2179980
1413709	1410755
1134598	2738506
435836	1649379
2354595	2363606
343886	1107388
1010161	5638162
627333	9468989
1043366	1926517
1476939	9743503
541290	1310805
1075099	1075626
990286	990342
697463	697431
1151768	1155742
1052061	1052436
899558	5067387
514265	437682
339629	2695803
2173849	2179767
1386096	1615674
2417964	2853635
1595390	1595455
858194	1708564
692731	720944
345833	1613306
8198035	8197907
8198031	8197905
2047488	1560086
1983566	1560088
3078	405615
987186	990473
954873	956328
1151774	1155745
589513	3466006
1684160	1829696
1903564	1900270
1043381	1926512
3089383	2836457
1167150	1346352
9943309	7534237
6361906	6377503
2417792	2418060
1623898	3092881
2138483	9966074
2172216	2179855
624807	1484161
2227480	10543695
1507838	1846809
9855671	4882293
1555808	2454357
2052070	939671
2443863	2155666
864263	10573794
3519634	5949391
2629428	944177
8198026	8197901
654799	653985
995830	996142
9834168	4508054
2765307	2811974
724223	975851
4799731	4796953
496843	1711219
731691	1155903
1713762	5090628
1721012	1719587
1410979	2917127
4549630	7006593
1131091	6973403
4687472	5047773
1279011	1279050
180713	405296
503671	699111
785169	1021151
1022942	1021151
1022943	1021151
1037705	1048222
1189779	1187041
1283056	1697842
1901976	1859757
345313	977907
3027570	6397019
860374	959621
2137984	2139402
1069951	1075693
8814111	8805317
853375	950695
4755317	10166900
964169	964171
579933	972637
4657586	4657645
496810	960362
748836	970257
907268	906076
9932689	8974847
7360466	7360462
1147703	2179985
868626	1644649
2063572	5612823
9800820	9802663
2160660	2162173
471811	1084443
7001003	7002931
1607718	981722
2162637	2165341
958584	970450
1185015	1320453
330104	1690044
1322801	1322967
1075102	1075571
2003572	1062593
1089599	973464
569374	973486
1797461	2576892
1520743	1520745
2733	1275617
8482600	8482596
967544	968642
1276068	517836
523683	2147026
916778	994493
2992162	1639220
951442	952552
2349542	965942
410401	1926815
905750	1234971
2911813	1822685
9707019	9968253
978702	983282
1203181	405152
9777729	5129337
2163026	5129337
2769	390833
1521632	1521634
2607323	2453324
1776950	1019111
1784825	8736876
4002605	5159711
968585	968594
2162814	2165310
1905307	1909119
506836	1165872
606962	2124833
1639442	1861657
724296	975796
724297	975800
1781286	5996677
808688	1851563
2351636	2363739
2517	397596
2469160	2474572
1110798	2474547
430909	1201995
3182227	4818371
720060	786731
1248598	1201112
1656329	4818409
1317759	1255928
2075098	5184687
436862	1277014
1507074	375816
2179089	1227801
2874	340434
465492	405062
5015868	5015841
3082776	3850460
4637565	2702240
5840557	5994616
1550976	1255928
577791	1202013
1764765	8926590
436376	974409
5181911	9816971
473458	1201127
354941	1513105
2445058	1220155
849798	1063500
2074818	4587548
506049	375215
1247708	1917475
2083858	405603
460405	1198237
2353259	2363647
978517	978471
356203	378454
2038287	2105853
2170877	2179942
6109334	5608121
685497	1034701
539401	886663
524691	1197486
564106	7492011
771956	760621
1546435	1446692
856831	729685
9885865	4924665
2353252	2363654
1194218	1091656
1067528	1414952
432296	1043796
969748	970375
505670	11698028
1869306	1869774
9405945	7094711
1853811	1869298
2560979	2561903
1446858	1447701
2148211	2149272
4492411	9639389
1132988	2738497
2074007	10573779
2016204	6951154
7161542	7161537
3491844	9061075
705249	1001951
1446289	1480787
801656	2096570
1082608	1082691
1912282	1912118
7317686	5867991
2789888	7134148
859254	2599153
2444411	2453347
9663258	1926649
1301699	1301882
1419613	6973403
657002	1249011
12886956	12886963
435067	1236213
1048203	1217883
1641905	1649361
2177178	2179443
1313928	2155710
2173848	2179769
4438973	2697629
2592824	2594786
1006337	1001878
1748305	1608914
1546422	1916274
2134044	2133892
2134043	2133891
454567	971552
1903142	1909386
2827055	2831383
456488	1586870
5582376	5785648
9466465	7563149
2162399	2165352
536572	576920
6943670	6943667
4443623	8924486
4009247	3995129
9469298	6166496
2009069	1218043
743394	3092881
9779856	9779862
9931314	9931917
8022633	3486652
3178799	2108364
534287	1483289
534286	1483290
2146334	2146961
1102651	1087888
339703	774716
859100	1348940
9685198	9048454
1394280	1293025
569312	974669
9855932	1653620
2449251	2453289
995670	8469556
564551	964857
1416022	5095467
4770223	7583207
624281	1583328
2098602	2098629
475270	393649
584668	584683
1469785	1491924
2773405	2778498
5177116	4333110
564503	964883
2289787	2604187
1132661	1132666
712062	405296
989542	1059767
1053830	952656
1201255	1201258
1318831	1318832
4778383	4778382
6056888	5577915
1196005	1196006
3493723	4883907
1619817	10629103
1318363	870699
1240530	1520464
564522	1489024
3174555	5710259
1071886	1075660
8775560	8776541
1698546	1149410
854630	996532
983945	985137
1042666	1926536
1063106	1063078
1762835	1457085
4076847	4087558
512334	770594
1408501	1412414
456084	964073
456082	964076
5584666	5785614
5584658	5785640
1328254	1421412
1705579	1552825
1649102	1648819
6172276	3186302
1084756	2574321
345332	977894
1057240	1444352
942399	6183572
859370	2599175
1006316	1001943
2160684	2165382
4968025	4969290
1332239	1346532
1102714	1461926
5987455	3653663
1869308	1869772
622397	1289867
576742	576734
750143	1079709
538618	1189992
858818	1235296
497576	960408
992481	3062626
5015909	5015121
7589349	7816677
340267	1331472
1415917	1416989
628034	6957497
1410060	1412364
2442723	3451122
760149	1005238
339167	1005275
725506	975814
1249363	1250688
576595	972761
2554	397633
1002596	1267557
634438	756789
1769274	1926900
697535	971608
4963136	4967118
4130659	4136854
11030617	11030572
1334730	1014897
330669	1075613
571803	933667
1597361	6980301
10048055	1483320
1822014	4676284
9630216	7224306
990931	2038304
816736	1412160
1873483	5698009
358505	1193999
5648795	5348961
663861	1656912
1534701	1534253
522959	5130980
947104	964718
970024	970496
1643546	1644592
627183	985352
1291840	3129998
2566041	2427243
568736	973517
6022254	6026196
684555	958425
3295545	9017135
3295546	9017135
1624814	1869644
9847374	9847313
572455	1167413
966269	983429
853766	2969017
765567	2153930
7551034	7551031
2733302	5949814
1122642	1126177
1518456	1520482
2657649	2155680
435021	3769262
2631869	2633265
1037627	1268690
1787044	6395332
2146000	2146969
434907	1649432
863639	990453
1624803	1869663
473670	1799801
855428	1394418
625853	1084885
2886803	3494354
1408586	1412383
2295445	944134
4704810	5047672
972992	1075685
934950	959418
456058	964103
2178886	2179266
2869397	6779911
2170921	909428
855943	995086
1828823	2453813
977774	978051
1332052	736162
339184	1554809
818702	1926743
345191	977974
979604	980013
999995	1001722
1517141	1520588
2998325	2998515
521075	5933570
3001	418037
868950	1926847
5052103	5051992
628963	950580
4559197	4559200
977282	977406
434261	1006395
639354	1795392
3607898	3607903
1054411	1054636
506003	1460010
744288	1296240
2150085	340707
1649226	1646465
4147937	4613391
6813303	6068565
436604	974369
963007	7291917
1410983	1230154
4572266	4572259
2553997	2554270
875104	1302365
6144	393581
1908419	5200176
1517135	5642278
1190837	1229942
1706265	5139045
2629603	2633337
534195	6595017
2764425	2812035
2623328	2853563
994731	770050
2127824	4673338
853987	1021138
1859121	2419345
456028	964087
1112710	1517882
3441593	381692
1694520	1299215
628670	2562032
734249	419216
855523	1926770
3599466	3705323
1249279	1228046
1697628	1657842
1546846	1546848
3081	7038023
855866	995113
10000859	7791531
797780	968634
1138432	8892968
3355192	3355191
772390	1603052
911656	992492
977877	1710191
4708149	5047630
1687683	1694124
605375	1453080
858708	1268784
859454	1485186
2998488	12339623
967667	993457
345645	5572712
2291760	2604137
2815735	2595195
970938	981196
503561	5933689
977355	977382
1719545	1721442
2089050	10511517
1344484	6937682
2750015	2775280
360085	1775544
2314075	519577
456074	964081
1171561	1396864
1140238	1143489
568566	973525
1854993	5933603
339950	1557837
3108847	3123262
9805954	3995059
1318250	6823574
1063274	1063279
1621923	2469407
2180485	5430915
1180582	1180584
2055345	2044136
1412046	1412179
763138	1656900
2443232	2453565
1069896	1069905
401397	2550564
1731730	9595184
1131285	2738493
653043	651627
964144	964688
699746	948709
1483229	1483315
9932680	8864107
2170662	2179971
1042896	1926520
854641	964408
1354770	10127488
748808	390763
8067490	5884996
1006282	1005315
2992152	2978117
2081261	1583355
8037594	6803161
1846748	5119225
578928	182302
2777013	2776553
2130500	2133946
345447	977860
3262931	5892646
627539	726564
1482682	1483177
4622778	4624350
4482645	7498997
2362700	2576784
2348058	2348610
330121	1289378
700346	956451
1011466	541401
4778999	4779305
2313110	5981853
2661449	2667933
1469708	1146062
853750	1050683
1664943	6966135
1318225	1305824
6022252	6026196
2015516	7333223
10747583	7256159
2162981	2165246
5632533	5980282
1043125	1072529
983528	985146
1163537	6742225
611417	770679
1767318	5511749
570296	950670
2828824	2831336
434911	1649430
886491	1179320
2914155	2613716
1053853	1054659
491227	817789
978653	983285
4552954	7441833
1498825	1078315
777607	749008
2098598	2098635
564556	1235405
765155	1009136
1037576	5187317
624157	1583350
1446892	1447683
811491	957751
7207609	7207606
4778394	4778393
1312814	1316082
1125371	1125969
600196	1321038
4806943	1326786
1683482	1682953
2443847	2453539
627844	985320
2833493	2064259
968669	968673
656289	992349
5535610	5535614
633598	756762
2216099	5933594
1421098	1421412
346068	424061
1869258	1869778
2015494	5933648
1134263	1180101
1112587	1112639
1898671	1909664
2178943	2179255
1081832	1082743
843472	1018049
725509	975812
1001082	1825792
477144	732333
1483230	1483240
694469	948739
1068005	1068195
3009850	3020350
347391	2917562
871379	963132
2348097	2348606
1343156	1483277
2139104	2139317
1610743	1607973
767086	1009095
1775311	1458149
358547	4811804
968720	993403
1172824	2667845
643725	4686666
911660	950572
1999944	1161004
886458	983547
962618	984162
863887	960426
1908124	1909058
715760	766082
2162896	2165296
1667562	1926895
620925	925587
1410201	1412336
966739	968625
1249558	1213993
1249601	1213925
854023	1021094
858159	1078943
1173126	1172205
1207104	3662392
2416394	2418096
1832103	1829699
1641747	1644741
1861824	3651300
1556160	880690
562098	1206590
449313	404981
3195328	3195660
541436	390846
712116	1384718
2137818	2139423
1001838	1238127
1156044	1179293
6813436	6068565
1535474	1536981
10501221	8161808
512362	869290
9885414	5558971
810011	957731
2148174	2149271
1873437	803859
1535555	1536953
1754075	7582756
860460	5616759
855933	2474519
1372268	404801
4697376	4778382
9706748	1305299
10747759	10747753
765563	1009120
1003048	1312046
1067530	972292
356124	3196387
6056853	3653663
1297940	2716483
871573	818404
4505602	4505606
734109	6945027
1321836	576900
2465691	2429619
10490843	10490846
2686830	4674262
573404	1215827
5718997	5708534
524754	950686
5582375	5785650
1280194	1320582
2687	380512
1399917	4894363
1471283	1471384
4715063	4683319
5578646	5577915
3526634	3526690
9816891	5867843
1832098	4837905
9585674	5985449
2441896	8504602
10001012	10001738
533536	1299188
2351642	2363732
2246923	5701902
1338674	1394018
590879	913002
752809	4378559
1779822	1782619
2513	380391
564219	993203
854272	341071
9858926	5220986
727047	405285
2915	405101
1821987	1966657
2962	957102
2962672	4388428
473473	1030944
2206797	1694176
2416399	1861746
1447402	1447634
1201773	984135
1085504	1459741
5987759	1229763
6830765	7556541
2158687	2162306
1064451	1064870
539215	9931889
1654901	1968442
2152489	2150472
2395922	2397810
2384817	8022611
588295	842615
3385317	2115321
2440359	2440837
434951	1234194
9986441	9986469
1651114	1652674
3182225	4818371
4387888	1161826
2771718	2763379
859243	2599154
8189028	8189719
7411820	5175147
862214	998011
2885	1063479
2356581	2357827
956729	1236136
562555	579006
599184	380502
898302	897403
534311	1571450
1459604	5585984
656278	2301070
2851	404974
2831	397644
859527	2599187
964725	1238113
5584712	5785630
434251	1006402
522399	9480778
2178054	2179323
712874	921821
7591167	8948852
5578656	5785689
1458170	1825527
1284881	7209707
1240454	1234084
600173	1082743
339363	1175371
2442900	2453751
1446403	1446652
1239157	1150455
859334	1224506
388791	418046
3463979	6728064
4275420	9517166
9035999	6163182
434235	1006413
1912201	1912169
1828778	2453815
347535	1613051
1779807	1782622
2137817	2139425
330000	987632
744860	970332
722034	391351
4607314	977955
398411	950676
2739994	2796253
1009908	1412748
9181739	9727832
2348099	2348605
941424	1132534
2590598	2594997
1558927	1558922
5198007	5198248
940094	948676
1066932	1161010
1901834	1909434
1862455	2265198
1336592	6937684
4963350	4967107
1610766	6980301
1775065	1775707
1712090	9775715
575469	972801
462991	1018035
329973	1276963
4708370	5047618
867231	2406030
1276841	1276836
1357720	980080
2368063	2368098
345831	990466
2828876	2831309
2174984	2179600
739192	738163
834482	7201199
497569	960392
2533371	2561985
436696	9095523
977619	978089
857849	1304288
2098600	2098633
911652	992498
686871	1974150
721936	825726
1265480	1143934
344086	1729890
6393662	9639343
330636	9457196
6738599	7230527
858197	1708559
7563411	7563296
6114136	6127448
6371935	6371509
497496	948760
2141165	1592829
520662	1050670
7315694	7308770
977461	1048242
2979928	9591410
356078	978443
952691	956369
1675681	4769727
1446407	1380714
746866	4937206
1552889	1926755
514308	1909042
1666884	1799784
857837	541477
808493	924718
852399	948681
1518466	1508691
4688186	5047732
4861854	5985463
2254462	9844122
3028	952947
2698810	5232818
1615490	1030818
4687433	5047806
1227363	1230401
1136767	1136771
2290135	2604165
1646604	1646608
7166836	7065840
811189	957747
4554107	1197508
885570	870470
1087347	1088141
3081157	7064020
479870	479871
4708420	514756
9679083	12377505
630770	711558
1606666	1618050
646136	414997
540405	411430
4712559	4712543
1123851	1150607
927374	411416
726066	6201429
1784937	2703307
2106014	1508656
731166	406509
5165681	12372828
1832096	2059432
1476288	1146118
1279599	872951
1192105	411437
1281486	844881
2901063	2550469
1618130	411597
851863	408120
1771994	1197485
1476287	1146116
1518436	1520487
434329	1139460
6022048	6026202
854437	961646
1247475	406527
2057625	1150709
1415977	395733
1518433	1520490
6865823	6688776
6865818	5859121
6063593	4936952
4713117	4971236
4615212	4606629
1617991	1150573
1139235	1043895
6865819	5859121
1543344	1541330
439829	390766
962861	972332
618647	1201151
1248565	1201205
917557	994434
2946	405528
1283152	1458122
784962	1234221
1194230	1180626
1246351	1146514
6618578	5281164
853496	1212847
850004	869168
1898702	1909639
1248522	1201972
5755796	997977
867223	958329
2151022	2775268
539911	573252
917680	5072378
1424503	1206535
1502202	2123690
855410	1174632
866287	1249387
1306031	1201087
1248561	1201222
1406073	2150880
4566053	4566054
331347	869308
9434739	7087784
436372	974410
608396	4695530
1317290	1313484
436428	729658
2566031	2429585
520784	520462
4469091	4471318
2075084	1551595
436434	1180548
3777990	3995096
2033101	1199914
979978	875708
6682519	12010639
2536592	8556503
2466979	2474589
2466981	2474588
4471163	4471311
1618137	411614
2926	341138
1651348	715058
497587	772058
456666	869356
2358149	9889016
435079	1649391
466137	956578
2947451	1701197
531462	6631134
1535506	1536972
1778434	1198082
3353640	1715465
2344246	993085
618725	1639312
556227	411540
855550	1394384
3675419	5139062
2433392	2440988
2671463	4820762
2351518	2363780
1505591	1505584
5011313	5012940
2823703	2469190
639355	964809
1326189	1205221
584596	595451
1348679	1348910
854409	880687
562529	1213998
3834303	3802139
3602894	5015436
2104045	2104051
2900507	2900509
2105498	2108757
1726097	1558047
9353070	13285391
2160702	2165375
1073903	1167459
6865825	974513
1715763	1715466
2352859	8076551
1490427	411592
1258373	6853531
436276	1204970
463428	411557
724949	975823
1918096	729659
8119230	8119238
627075	985357
1248459	1204971
1248599	1201111
1633769	1564618
1006320	1108307
454613	956599
436300	2751696
2914134	2594982
5769226	7704015
4131994	4136842
9704288	7322366
2998471	2853111
9405931	7322424
546952	1220084
436326	1066251
3349210	1198141
817495	1199977
2754410	8263618
2391566	2392674
10305041	10461387
4101039	4222739
825569	731527
1615464	1608928
1836360	1836361
1043651	1201208
4562905	2911515
455047	985230
1050137	4485665
5928322	4505328
456390	729133
2123647	2119466
1745746	1838075
1079783	1079786
855394	397611
9006434	4769870
1434305	1200014
339237	729188
5093015	5095848
5083696	1139474
863254	3254352
1325817	1325883
1271497	411599
454594	985252
1034720	1111764
493659	970324
11838720	10537318
7972091	2123677
871038	971688
940800	1201249
1556191	1382641
1658355	1198224
475005	404836
11705041	404836
1357534	1319210
1531265	1508655
1198487	1198191
1649223	1646474
1753943	1782626
1210101	1191702
1284181	1191715
1226241	1191692
1604766	1191704
1305892	1191708
10336151	5809557
4317924	4740568
2994133	2479244
1901513	1900176
4963144	2115259
10476975	2050415
1305891	1191713
1226240	1191707
10336152	5809557
1708253	1708405
1318396	1323098
2865860	2479260
2865862	2479249
599606	390767
1305897	1191701
2114151	1916962
1249617	1213910
1595387	419240
988375	1541314
1408499	1412415
4163724	4163933
1901981	1859553
808949	5834461
866068	351721
659096	979057
687629	869331
475048	871398
883923	983604
11536592	11536599
1623506	3089148
743068	1150565
10269124	10269157
2671475	9006242
1618011	1150507
685492	1150349
584053	881477
1392368	1392827
2075095	2440865
1617998	1150561
1836333	1836338
2194548	380526
1001415	881443
1232868	10350496
587285	1206564
1564745	1564850
330124	1075544
2028963	1131113
456356	1075544
541328	405098
1037650	1148182
3214755	5037298
10166017	7072912
1613025	1608477
1617999	1150559
519499	380572
754040	1190046
1618000	1150557
865656	1909684
673740	1202021
1190830	1190047
451717	1198137
1077543	4487133
1639395	973316
1237201	1235411
2741928	1456051
475007	397627
1248553	1201252
1699510	1701123
2097500	1305839
2416393	2418097
531393	411551
7317870	390766
1020471	390766
531394	411552
12470405	6537231
9036028	4818183
989551	990356
817706	651645
6671244	5613907
541418	1112772
1410052	1410848
3995571	3995379
1237145	1236174
511460	1221718
795885	1305283
522274	7580874
500501	2133635
2397584	2397765
5714409	5865034
5372668	5484339
4552783	5054135
5705207	3254397
1237147	1220205
855425	1235268
959903	1320038
1117473	1117474
752806	1213931
6003108	8558722
380868	1238124
892166	891280
1562979	1644635
1726860	1487864
10305036	10461387
1764766	11912934
890052	901006
2192004	2192058
646614	2720169
1896116	1909833
2002100	2106010
456266	629728
2009159	2357940
456134	1224522
1890433	1890439
2192010	2192067
1584358	1584175
798455	1070422
875816	875817
4480261	4480239
1139949	1139810
5095741	2762666
2127221	1694506
2339329	2339684
5094286	5095807
1502203	2105767
1306030	1318930
1613660	1873930
1869259	1869779
2120623	2562058
1974729	1480788
1641769	1644733
1993841	576865
2002099	2106013
2532481	576865
1869273	1869784
571881	571882
2532482	2562059
9704199	7300660
3072	972534
1523014	1521623
1154005	1155769
13401097	2595587
2717903	2720164
475639	948877
4952315	4952311
1909493	1782205
767153	1009074
2106049	2064315
521940	949004
1781621	4866850
3000712	1775651
2806254	869479
724301	975792
7814038	4305967
2139160	1235267
2758	1236189
1270871	4833469
3212785	3212018
1684182	7055365
553753	1204999
1778420	1782673
1898703	1909640
7320775	2363756
1869783	1864456
1344563	1349258
1522772	1522901
2351580	2363756
2152522	3277415
620566	869195
2857719	4940918
1237075	1120401
2104044	2103588
1369826	5101934
1302109	1311921
611145	1613440
2626525	2668748
869118	1201153
2626524	2668752
7151592	7139443
2626532	2668746
1901138	1900404
2626523	2668756
1542243	1487142
2626543	2668743
2626526	2668747
2957	393735
1296790	1318900
1013884	1255890
1410399	1410740
866409	1139410
2351520	2363779
1248423	1150182
623853	1236337
1278616	1799609
2975907	1822528
456248	1217884
2223040	411619
10476957	4593592
4553419	4990327
1687107	1652726
1918003	1917399
2998452	1829678
4960788	4967127
852318	868937
9446917	5081251
647636	995216
1215730	1201148
1317748	1255871
5322290	5655727
456104	985158
623776	995216
1651349	715058
6599825	7761470
1901473	1909475
9178302	5163871
673808	868845
1248556	1201239
2973555	2184474
630518	1618848
1582685	2312017
627515	985329
1249457	1249137
571877	973425
985808	963554
758005	1622334
1491575	1011205
1135940	1105073
1037639	1213985
1686396	1691192
7315685	7315764
2574404	2576754
3602892	5015436
7942304	6781304
507139	397708
2139168	1236403
1240384	1236404
4570678	4571038
10146740	6760865
3791877	7498984
1189211	1189212
180701	1206528
863722	1319219
1125218	1126061
1478249	1466433
2285812	884490
1172683	1175430
1466507	1466508
611269	1608039
619092	1234166
1550982	1551588
2536597	2550621
2536585	2561976
2494015	2493622
2414116	4894398
2414117	7575423
9475601	9475429
4456341	4456421
1896119	1909829
1019310	1056237
1748354	1646360
2192006	2192063
341800	1043781
1896135	1909812
2092231	1920322
1861986	2192057
1896118	1909830
3108368	6018093
2001462	2106063
2001463	2106059
455916	964132
2672971	9700363
771900	770652
2416412	2418090
2011204	2105578
1307452	5030780
7585366	7575425
2160450	2155655
2532980	2561991
3443196	3443192
744864	971575
4544055	1189920
2973556	2184471
1459756	1311456
1898726	2184476
483129	734668
9929881	4931389
550492	550493
1503607	1503096
2351641	2363734
456182	1151205
1421646	1902124
1527813	1201429
454533	411544
1237258	1235348
1650179	1652706
2352785	2363705
1346027	1912044
842000	958434
1334185	1412804
861218	3234947
4997720	4997694
1582576	2462547
2084671	5175217
2631913	2633235
1135982	1091267
2102113	5121199
1036496	912262
7745830	6781321
3033058	3033056
1657902	1657904
3562831	3436369
1135981	1091269
2914127	2594974
7916814	10686078
2038214	2993652
2099789	1306969
2099763	1292492
2234450	5171188
587248	1130931
1323629	1324170
9612383	9594965
1116374	5486391
454091	8218989
1624808	1869657
1253478	5282444
857560	1708603
1574232	1576802
10129417	5025809
582848	996786
1056325	996786
9816882	8556949
1370195	1220100
1284831	880486
2412368	2412375
2412367	2412377
1586861	1588750
457848	1236344
10075661	10280608
4997734	4997663
9816967	7705816
4668134	4671468
2004318	2004498
2937088	1491788
2178112	2179311
13605222	8595652
1690798	1693841
1545088	1275154
1404239	2150937
962186	901062
1935419	1305973
950484	421809
916774	994495
2121232	1775603
2440803	2440194
581768	7056553
714595	990374
455826	732362
989343	990371
1365008	1732182
1131073	1127931
1909381	1782361
2631883	2633261
2166454	2166802
1033363	8020553
2055368	9843074
2451710	2453262
1701397	1701016
10670296	9041349
2183993	2668317
2148576	2149233
3254979	3254837
2137819	2139421
1675893	1675891
9475749	8674383
2169542	5022042
2024855	1792327
512397	393657
2352751	2363712
2405014	2901025
1317723	1249398
1721196	1721338
1561589	1266547
346292	1613223
6208903	8523390
2975893	1822620
11248028	3484804
2457469	5924646
2096462	6992134
1651113	1652676
2453010	2453211
4279849	8798830
3027586	2166951
6601741	7761466
2717723	5250403
875818	875874
1741700	4233314
1236876	1236382
13769412	10648527
475887	886756
11542189	871867
2002682	2105841
857207	1236381
647591	406631
2094551	9975653
623851	1236338
1806495	1806493
2001346	1977898
4548467	6793992
9855755	4935803
781040	904423
951207	952600
6132320	2751696
855480	340991
1902098	1829830
857033	1324231
1584314	1792015
3603461	933872
497572	955542
2964	405284
2267241	3491568
3517721	2830075
9463846	9463883
967685	2108743
1351142	1502853
9969810	2580715
549321	1218028
508421	886765
526959	1204969
755342	728998
12542098	4820607
1355615	1295985
645078	1218039
338693	378460
1721206	1721326
2414099	6142943
2005524	2105822
1230241	1230154
2585547	2585539
2469144	2474576
2351488	2363783
2711449	2715208
9816920	4923197
1582505	1582495
579765	579079
1180343	1180342
1384620	1068676
1248458	1204972
1909619	1782075
592568	429501
2136880	2139437
4438237	4305389
9406302	7238728
506149	1229847
496844	873892
3077602	3077536
699004	7073799
1612626	2036074
5057105	4838338
2356568	2357823
2108638	2108619
2386957	1488558
4774250	4773991
574159	1235311
1698586	1701282
683434	683436
2652503	2668520
589723	1236346
1211971	944138
2968511	2992240
436424	8955804
1173141	1172182
4526806	4489332
333487	411540
1486533	1229763
1153652	1155695
11036172	419916
977447	1132553
354937	1108747
683887	868923
949174	956486
1488987	1489003
12706864	2569284
502834	1238067
1388910	1220264
7189421	7189225
11816303	11816590
985712	651584
2848	405022
1896142	1909811
1389525	1389526
9677426	9675923
7814039	7822654
2703074	1111763
5057069	6985103
8984567	8980285
2720510	2720506
1535578	1536947
3423596	3423597
1240442	1145811
540483	1331391
2110766	2036369
2108770	2108621
1604507	1058502
401413	383833
1425626	1201184
1642632	1644646
1897628	1909717
696562	393758
3897865	4031556
1242533	1227761
1237166	1236151
2979941	5569610
1922650	1915979
2092217	1920358
1617945	1150837
532027	1315840
1101081	1091131
1617944	1150839
2527743	2682111
1085531	1229977
549317	411605
10480489	8566921
862997	871867
2372144	2365644
577595	982614
1361007	1361130
1618019	1150459
2106039	2105854
2106028	2105870
687707	1235373
673014	1235374
1993800	4270000
703591	411445
1153723	1155667
600685	1190051
576618	576720
2351530	2363774
1687060	1652717
2352820	2363710
1539737	1539741
3850880	3451188
866330	1201119
894257	893822
434241	576722
1686866	5031201
7055360	7055369
7546557	11741656
3084217	7055199
2351413	2363785
2022146	1305284
5115495	1056105
2351487	2363784
9855772	4933831
1285430	4793640
1256533	1255948
8305807	5281577
8297756	10467010
1859880	1859838
863157	734617
2443835	2453541
780568	874775
4772122	11912933
2750017	2775277
2092285	1917441
5718938	5714605
1917983	1917437
1651371	869529
9038404	3740656
1917984	1917436
9816969	8255208
4997858	4991469
449319	2287806
1421470	377670
1535495	1320779
1237276	1235334
1165404	1211746
1947352	1255917
457506	1206529
6371818	8907361
1644296	1176181
375890	1023194
549362	390845
3104086	1916099
945488	1236697
1615447	1608943
4415210	4411441
3038851	3040892
2998485	2852447
2139176	1236700
687733	1201966
2008647	1396809
329919	405545
4558756	5099379
2771161	2771162
1011495	1193321
339091	1199933
3739480	3763239
1172989	395737
1897838	1909695
2830	405089
1060964	1063542
3206095	2824465
1618043	1150291
10028838	4517990
340025	579853
1618010	1150511
522794	1052878
966388	983391
569584	404789
858128	1708575
922303	1235404
9988161	10571494
4995686	4995680
1130917	1320600
738734	729688
9748367	5947795
1129620	1138809
10679550	10679536
1001449	873191
1318183	873610
5034043	5033624
1369832	1206548
2004186	2453433
1564915	1564599
346384	1250734
5705209	3070937
876901	882289
742096	869248
979402	979407
9868292	1205242
997717	997977
341358	391548
863783	960415
1451324	1206537
336300	553324
1281275	1229736
1343055	1792313
1248494	1202016
1318043	1312065
2121112	1792357
758098	1201983
770905	770787
2631315	411614
865243	1218031
686932	1201968
1836372	1836373
507086	1158179
1248601	1198143
992214	992251
2112484	2087190
507334	1130929
841065	980081
1734995	1311570
2351633	2363740
2134218	2139530
1389981	1140356
1943530	1943985
768635	1009082
2225168	2419446
9855724	3762473
1903587	1900262
462549	1238056
3215867	1292739
2069384	2059786
4847803	4751020
10369212	8979569
611158	1613436
885047	404261
4436932	4437004
479860	964787
1279968	2656349
1249567	1213987
698997	1213987
2292113	2604070
1876916	1877018
625554	1446438
676559	519633
856275	879094
7778558	5397635
3530705	2150918
1713374	378601
6296638	6299360
970177	870633
436390	948725
345319	977903
727850	1048230
977635	768256
4917202	7398145
3995581	3995335
574823	972815
854883	1394552
10145458	10515810
1469758	1146344
1776983	1777477
13233055	12695748
1229886	969495
4799595	4799485
338211	1487171
2532759	8423681
1394282	1394269
6466342	6467137
672296	1276896
462655	1234077
1841228	1841251
539388	397634
2613393	2423234
1707634	1394269
2661404	2667982
1463475	993017
4874669	2166933
4022695	4010688
339647	1043798
2442619	2442611
1545451	1217875
1527961	1531462
10271481	10279962
5054051	4415478
2992129	2984108
2235267	10357570
531475	1158186
627088	985360
6172296	1648947
627071	950663
627056	1648947
957019	1276942
2002672	2105843
1369814	1220085
3667145	2700963
7108061	7107821
1251526	1749432
2094517	4589850
8903752	8898992
4405681	4816139
10747699	10747700
850419	1235357
754641	1161024
853334	1065014
858085	945722
2104058	1587209
1178607	1587209
1170929	1177982
850001	8215380
1416564	1417353
1270879	1518594
1640108	1646505
1138269	891348
962774	984133
7144898	7135201
1387310	1387319
1502019	1488877
1365064	1732174
1086335	2572002
1101088	2429125
10670271	5815966
4471666	1734437
1829228	1829792
504749	734742
8796343	8796337
4848556	4856354
1687104	1236193
571883	571884
1249847	1250621
1010048	2453362
5028035	5016151
475659	475660
1361158	1302468
755928	437665
2011203	2105580
783228	1158849
1063197	1063205
1606058	2773369
3012372	2814881
571819	381475
1580386	4512853
454592	985254
2881704	1789155
3389919	5699430
587292	1220231
2764640	2812018
979981	1447708
1516281	5187319
1683464	1682959
1574884	1597465
2238333	6216547
1332405	3439928
751876	948788
1535466	1536987
2132230	2139579
6701283	6009776
1021888	380478
743383	981272
1057957	1058038
1317855	1316396
9932728	8863919
1264439	1264436
1875822	1789170
2090029	2139538
2068341	4613272
1441341	1238114
2992245	2973957
1640176	1641670
1642635	1644645
430903	1311614
1240328	1238116
2943	393115
503834	1234999
4631714	5957367
1114324	1148180
1143666	1176606
2532721	2562048
564506	964881
1649125	1648730
1333153	1576992
1901987	1853763
1400456	418082
3677002	3767412
1654574	2847566
3100140	3139250
871146	1122551
1731004	1835955
1664897	1664899
435057	1649398
1810001	5012921
449696	868952
597767	1749462
10671476	9668136
530660	1571563
1704915	1705336
990744	1387697
1869183	1869804
481278	734648
704253	1266555
2741770	2741772
330024	987638
11694419	11694421
7263635	9017117
12019570	12607997
2998459	2854281
10480521	6297021
2110584	576831
3100105	3139254
4721952	4719610
2173939	2179734
9667598	9595196
8977224	8976771
3556605	2789202
2921175	2924501
1022954	1021114
1898701	1909641
1105283	576831
4797530	4796705
1298558	1221736
1531191	1521622
1415370	1417447
963058	972299
1534367	1534368
854039	1021114
1531311	1490791
2125501	1070618
1527826	1531486
560913	869281
1284272	879775
2216726	1058495
1139983	1139588
1781290	1782565
3277408	6695282
2291822	2604119
2160269	1015062
4961870	4969364
9086288	9086282
4804626	4814587
942380	9604551
1754803	1070421
329946	1002917
1640232	1644755
1603569	5150082
2828822	2831337
2940972	2184558
1309165	1307574
9932540	9932601
1190845	1189994
5243376	2462874
1190847	1189997
463327	882304
1190846	1189996
1249588	1213941
597319	1189999
1054322	1054639
1070691	1235299
7148344	7148352
3941463	7160091
1991582	7088337
7146382	2651549
3245149	2616318
5050652	7146668
7142289	7088400
7694522	5898983
483383	9728891
2241780	2622501
2450577	2453280
2451694	2453270
2626546	2621582
2626547	2668730
1901938	1900402
2626544	2668741
1721207	1721325
1779872	1782610
771958	760642
2817645	4849882
2711406	2715219
2110673	2108823
436382	964459
4997840	4992006
2727247	4867980
1391581	3892228
436338	732393
1054104	1054653
1669075	1915455
1305859	1292524
1312703	1316094
1305861	1298310
894275	893439
7207607	7207606
939580	939582
347367	974593
4958412	2167450
2440940	2438319
1045289	1236354
1066116	1175487
10030097	7087792
1518478	397669
532537	414996
4520697	2634537
2469161	2474571
9496022	4819188
1102630	1073562
3012400	2814342
2935427	2557792
878705	1649463
3027646	2166988
1365244	1357421
10181777	10177579
1356464	1357421
2265029	5053226
2898230	2553160
1522757	1522913
497399	1190022
571834	1141538
2182488	931940
2120804	1840162
1301791	1301855
714884	1563428
8189021	2510723
10801870	1543335
1100976	1091200
1503615	1503046
481996	2717094
1836390	5014771
1973151	1585157
2530454	2682088
2971685	1778875
1105771	1105773
2697165	2707786
1547964	880596
1147687	9017085
1451448	1452940
2765291	2811971
345431	977872
1651049	1652684
1651048	1652683
7304069	7305038
1428286	1429479
2292377	2405359
853538	1299186
345228	977941
1923239	4998844
1321504	2715109
2427554	2167027
1421449	1337584
3307627	3307628
1298084	1301993
8187743	8191886
9667671	9524470
2989009	2984121
2002655	2105874
2462732	2462718
10059958	10060188
13714902	13715722
1649155	1648657
13469174	12206228
578832	948640
2247323	3813057
637486	4827132
2992177	2977977
2992179	2977980
856121	1072008
2002623	9453732
1310120	1310807
825063	1220268
13039144	1195710
1264065	11787908
455770	985225
920969	882929
475741	3660194
1604629	1697912
875838	875864
5127936	7261296
5039682	5095468
1267002	1266577
330129	1075557
1312442	1311522
1551117	1612296
1240491	1277344
567764	1074992
731207	1296168
6695236	6695202
436972	974294
1215383	2550485
1208932	1648971
456486	1236325
6563515	1417046
2765051	9608998
1260758	2676092
2429178	9591387
2454409	2453677
712050	1563405
6168126	5830986
2024902	2025416
2008191	2008203
10720350	10720322
2451709	2453719
454595	985253
507307	2175839
1279993	1229762
9704108	7086840
962828	970485
4713114	2474096
761877	729677
861223	1000231
945526	729677
2024900	2025419
2004322	2105826
1820035	5638159
2011146	2105590
1649250	2917127
661722	5918139
4540203	4485621
989207	990375
1013622	1266954
2353233	1212871
2940109	2434596
2112500	2064193
1198289	1650341
4849296	3799060
1916868	1916184
1035632	1648918
12531889	1928756
11110821	1928749
9432587	1683750
9943301	4838363
7814378	7822652
4647859	4638138
4317670	6443443
741520	401797
1056255	873459
9969806	391553
456326	1086160
506051	1043754
2139151	1232830
2068315	4589847
862546	1236641
483521	517432
4108306	4120065
534272	880718
2908458	2616854
995310	996196
7965774	7065747
346632	1613111
4960547	4597615
3995572	3995375
992515	5184472
7845981	7845983
726743	879935
1084854	652451
2783570	2672139
4657578	2651504
2795362	1430807
1937239	1797314
345449	977852
770903	770790
454969	985238
4690098	4962649
3170360	4690099
2096333	10629116
8802464	8802442
508087	869183
457481	1190562
1535608	1536936
2874566	4721892
4721926	4721892
2982313	2815500
2874567	4721890
1705081	1705317
5109436	5109441
3147765	5171185
2132100	2139603
2852271	7288463
2036360	2993661
4721923	4721895
2590589	2593237
813702	948659
1086726	1234969
2105984	2105972
2451033	2453272
1934692	1541261
775681	961622
2144554	2146994
602098	880515
2940976	2184472
7557988	12359365
1453927	10215560
7589408	10215567
1334295	1617674
1649300	1646349
1649139	1648706
10959924	393710
1649301	1646347
1070663	1070667
1399899	6731137
709623	1056321
2813364	2735376
737955	1236655
5011875	10246296
1268660	1268663
9855769	5458088
2667185	5386076
4825658	4671464
2741899	2853555
969590	970363
1242538	1237585
1168809	7330528
595890	656085
2697191	2707785
1538826	1458019
2486817	2485312
1535382	1537025
2082771	393710
2351524	2363777
638491	1180154
2944819	2705699
2351525	2363776
3492800	3287564
2921003	2924520
2164442	2165178
1415546	1417415
2084657	2108566
2451717	2453255
7745831	6781328
2661408	2667980
722356	912249
727980	1782773
1415451	1417073
2084669	2108542
1404420	1403129
2695031	2108542
1404601	2150918
1185859	1187165
2160464	2162204
1776873	1782793
1869762	1869562
2715141	2717090
2117268	2717084
2565779	2561731
1651098	1652680
9740663	9740785
2351600	11834142
1108761	1252091
1394252	1394314
1079710	974376
3028068	2184493
2379185	2576858
534280	1396789
2110709	2105883
356829	1308213
2973809	2141439
1531310	1491116
1649299	1646350
2081086	2432802
9859356	3779550
10490845	5251473
3225569	5977850
339039	380429
1139922	1139896
854049	1021105
1642365	1305962
2671552	9006295
1152062	1155789
2693686	4991991
1641967	4670314
726553	390776
1502230	10357507
5126294	7556539
1151804	1151189
2940974	2184480
10502073	10502095
2008110	2105777
1222714	1313344
5970793	5980066
1535150	1149432
2680522	2682079
4648412	4521439
881987	881830
6682440	5696217
3150000	4572213
1701778	1705436
2734404	2733013
2127455	1426132
5038213	5040381
1966653	1782885
2011117	2105599
651402	1215866
7695969	5337488
1545332	1176227
1321883	1322994
1139941	1139836
1323410	1571861
1200440	1087816
1404278	2150928
729988	1214027
1578767	1909334
4546108	8018718
10145280	8674285
2165470	2165515
5963873	9644856
1625353	1586894
2166418	2166818
2813230	5889769
2440796	2440211
2084666	2108546
2440802	2440195
2033177	2033306
2566063	2418052
3355262	2418053
2476363	4230400
437072	437692
2225133	4945493
855133	902396
9884000	6297672
838588	2051855
876978	381639
943782	956621
338530	950691
1491672	1205203
521863	734759
1201297	1268624
5008740	5007390
1865604	1184165
1648573	870700
1673095	5233055
7154406	9711705
2452766	2453243
1132702	1132704
980688	980737
3441227	3446264
10148484	11838220
1842894	1846930
2114372	1373215
1898740	1900147
2165485	2165501
3012391	3020296
2365597	2853637
1531336	1488895
2935440	2557631
1615488	1030830
9922001	9871914
1741705	5536880
2711464	2715193
5052209	5101895
2483141	2453700
5052206	5101895
2754856	2754830
1221806	1070610
382286	406621
1651299	1652657
1264219	1264388
2396340	2397799
476111	411456
1443508	1312571
3037538	5101843
3148902	3148906
955924	960453
2751218	1327241
878688	1649478
989554	990355
553609	354844
1207301	1457154
1784907	1795620
2412462	5006934
10479761	6970040
2412424	2815676
1642199	1644694
8187750	8191866
2715097	2715111
2657	404982
2386847	3650452
1004018	1108300
454574	893304
2416424	2418079
1737150	1302480
1321042	1320464
4997800	4992163
2108704	2059813
1199233	1301601
546953	2146954
817674	950597
1139939	1139842
436630	380394
339927	1217844
2765392	2811920
1004751	3429720
668418	1059969
7414377	7414228
937428	768247
2349284	2363843
4167219	5806750
2033343	1291568
2566060	2418951
2908914	2924690
13719963	12989623
1497011	1497093
1798539	1798543
1110799	1110801
1836162	1928879
2108334	2108666
3382631	1316082
950306	949946
3053324	3082175
541893	942756
1063006	3647810
9704278	7088041
4958555	2961019
1403577	1421406
1482670	1485185
12902199	12902191
436410	879094
747768	748659
1123214	1123212
1535519	1277332
1237213	1235387
1914474	8266757
11787701	4821534
1769259	1275697
1054188	1054652
1347484	1348963
2828320	2827658
455784	985219
2684453	2684449
602554	4769481
1311686	1312571
3191628	3189930
2108484	1822690
1460039	1043396
742440	1837783
693813	973361
883639	2623240
1172801	1173028
3566257	1311428
564502	918091
436942	974302
2623634	2403639
3684751	3679115
558717	903930
850463	849886
2416322	3222860
1013468	1012070
7942285	6793359
1517678	1520518
12957041	3490338
2451715	2453257
2036036	2036033
2443354	2453561
473450	2105934
2295351	391544
4997809	4992133
3964651	3964605
3010082	3010253
2036150	2036138
1646046	1291580
2711854	2711771
3042617	8556295
1854920	1861552
1242553	1236416
840953	980083
646036	869177
1261946	1261948
2440920	2438383
1056272	1056284
1698588	1701284
1061026	1235350
9855752	3763016
7942282	6793359
2842	378465
2028949	2852436
5366755	3389215
3490466	6018093
10108291	6983093
1196236	1437815
917145	994439
1173058	1172888
11710329	11710328
3791516	8727090
4774153	3943815
1316000	1255924
3114197	3139293
886051	983561
395877	393628
2127531	2119452
4094841	4094837
1618133	411541
862193	998015
1383775	3888248
4527035	7089910
3527457	8801619
10207635	10629102
1554715	1554711
1240405	1235372
1123065	1126090
549040	393704
336289	2162214
1410109	1410826
10762343	2699201
1005312	6687061
2898177	2211016
1562808	1557316
2914180	2613818
1221721	1221717
947068	956548
1314324	1315923
1074912	1075622
5011726	5009764
1017918	5009764
475570	734632
4781146	4781053
1869738	6957575
1846419	1846876
2947675	2472145
1266370	1873975
9725497	3995625
4553877	7262484
1300221	1296388
1712767	1630195
1206897	1301637
977431	977433
1105961	1017673
1105962	1017673
980436	990213
1292028	4777066
2127418	2053853
1569323	1373051
1289070	1201191
1142164	1143346
810880	957722
1585300	1056083
1199398	1146662
2419243	2419241
10459224	10458382
3239779	3239778
1408546	1412399
2766352	2811901
1992802	5309708
2580036	2453824
613998	651628
2680542	3706115
1237369	1235257
5036795	5034301
2106027	2105871
2109833	2064274
2711399	2715210
2108668	2105866
659663	2165289
703098	576958
1211633	994171
574334	419231
346444	1014974
523746	1361129
1535496	1320782
2350772	2363824
2161815	2162124
1618138	411604
1284228	4123801
9667522	9640667
1838400	3173494
345504	391581
1213833	397638
1406135	1906122
1444282	1444891
1902035	1843342
4776425	4776431
1905533	1906122
5015881	5015373
476055	2930048
977730	978077
1736769	1311485
347398	974554
656237	992357
2351528	2363775
1624771	1869677
1415268	1417466
9706613	4815947
2002091	2363005
1238869	1238084
768638	879670
2772603	2778507
859880	950674
1370523	1012031
435129	871768
8281798	6840384
1367752	1150329
10480541	8551929
7147851	7132962
702994	379432
1289773	1846883
4704807	7133984
4009400	3986846
1681346	1825848
2222950	2205078
2465765	2474620
1249616	1213914
561077	341013
1289771	1846882
1237235	1235365
2507789	2507726
1279714	1277329
1116478	1298322
730471	1331740
4658382	7256990
687649	1235360
7982846	4311818
9704055	5352207
9855742	4695312
9855741	4695312
1446620	4923935
8300251	2093706
481456	381775
1784819	2105830
7469061	11718864
3660156	5116360
3889158	875729
564598	875729
871995	1179425
998318	1236692
7304097	1917227
329729	405542
742403	4270253
687591	872776
508598	517643
10000868	7078229
2137992	1914287
2143886	943305
1644240	1644561
1613169	1608548
1351197	5616780
2416319	2418135
2171043	2179939
1956290	4136878
883785	1056105
2177460	2179401
1316012	1255878
1204739	4844557
1479170	1480833
1172727	881477
590743	397608
4960762	4967132
1136043	1079660
1547965	880602
959382	1648955
1134798	1136343
1836332	1836337
951254	951256
1002761	375172
1651346	713613
1686607	1667039
2295369	5981859
769473	769480
2133334	2139550
1512996	978088
1066923	1066626
1917726	1917556
968506	993429
10671390	7846590
1745904	5158363
1210262	1209920
3195312	2150939
10671350	8611952
949182	956479
1745892	4733210
1879710	2105820
497579	960405
950678	956442
1291768	1291764
2635676	2651593
497578	960405
556577	10608955
7807420	4865854
456382	5081073
1082805	2155637
562145	1331071
6763152	2656933
562144	1236716
687735	1236714
1272200	1396875
966489	340996
974854	1396851
1388923	985861
512411	393673
464495	937205
464497	729666
1214408	2105848
1102756	1079645
5400143	8168092
345599	1331732
502366	502367
2397504	2397787
4958614	4967156
2350777	2363821
1852172	2363823
1624719	1869698
1624722	1869692
4026627	4025566
1563607	1194069
1236825	1236708
1285749	1079047
10016946	10016947
455666	455378
3353634	1597489
1598195	1326690
3974512	3867202
1211947	1150535
2166556	2166788
1540145	1540991
345487	977806
2247074	8518101
464545	1236673
1715559	3594915
795900	1428048
412671	380528
2008737	2105724
9946506	9949822
985089	985111
5126292	8556844
1453624	517413
4997749	4996955
1649280	1646432
698581	699101
1004263	406474
1100397	1091717
343584	404939
1001518	519451
1649277	1646435
456400	729648
1201647	1301623
2130442	2133956
1082468	1082705
1777022	1782765
434237	1006408
5688916	2064270
1918263	1918305
2055366	2044125
736008	737201
1361298	1362922
1249630	1213889
3069630	3069631
1571637	1325525
1110852	1110856
1134139	1394307
2117644	1877055
8735503	7553228
1729477	1480749
666707	879290
339182	868865
566089	1250731
1279561	1088328
453876	1204990
1901527	9824677
2324881	11834132
521900	517350
1528819	1531402
1249591	1213940
1498536	1466476
449946	404957
1410088	1555837
798981	6958283
1266999	411627
506053	1062510
4468911	4471326
2035820	2064315
1216467	1211873
2508368	2150936
497517	960397
2970681	1829793
723492	975882
579820	7492008
574430	429637
1932164	1652722
595821	411619
1084832	1175294
340659	340661
1204101	1205311
2162998	2165234
1237093	1236243
1237094	1236245
857794	1304499
781319	1148500
5980069	5980070
1318239	1305285
970939	981185
865700	6582522
2440853	2438514
2911794	1822619
482556	480933
596273	1201981
409565	406536
1258259	1161822
3875890	3836075
536100	1043793
1384558	1043791
377225	654803
1075438	1250784
1250888	1250791
2975918	1822400
1771940	1205237
577885	972713
1001419	636983
1235426	1161276
456734	647224
1987274	1691193
456732	1576748
1156312	891190
4533592	4533595
1987276	1691192
2343837	1312011
1421058	1421414
718835	1457090
3778074	3776682
4655743	4655744
1686397	2574354
1135901	1123373
1278799	1154202
1636268	2512546
10762442	3510410
697474	699096
1512152	1512148
1363637	770718
1249179	1250700
576365	340373
2532768	2562028
536440	950958
1420119	1421480
1392385	1392775
1287887	1195710
843288	1018070
9366895	9341023
577841	972716
462561	1234191
1588886	3085004
330668	1075614
659625	992259
2944536	7728481
1740945	1194115
1158701	1165189
1105795	1105797
463041	1018041
2108635	2108623
3191958	3188564
2075033	4589797
2075034	4589788
9008245	9007660
1233242	375142
1410058	1410849
462883	12344116
708031	4787247
1649211	1646499
1649210	1646500
5854047	4821875
676517	869332
1518452	1520483
2149633	4936024
9704216	7039238
2110672	2108824
2471350	2440820
2170593	2179991
981201	889261
1539988	1539797
1907854	1909061
1649129	1648724
1649126	1648729
1649247	1648714
497574	960409
1321027	1320472
342983	1047897
811341	957793
3998043	3998902
1173906	651652
1592263	1603028
1606462	1618061
2590661	2594912
1232146	1232141
870908	870913
2134857	2139495
3804651	1156416
1539894	996650
1634676	901080
1183873	1180307
6199171	12359379
607137	1483300
1136041	1035982
342367	2740758
432132	3439928
2758200	8556312
1543329	1542772
2134666	2139502
816295	2750866
2010738	2105618
1574826	1571189
2136802	2139444
765162	1009134
855714	961664
2876572	2569285
1441608	1488158
5038054	5040396
1508841	1488944
982755	983252
2571740	2430949
2285734	4589905
1282044	1278631
1365001	1732188
2008757	2105720
2992244	2973957
10711447	10711408
1831903	1906308
2085848	2108534
1429068	1429437
2998590	1691215
2144176	3492495
11076129	11076107
3965444	3965440
1434297	1434981
2437638	1320087
461054	5139066
2707931	2692164
2785296	2785320
1667450	1661345
1950099	10123968
1898695	1909648
2940148	2434154
867148	3439928
1898721	1909634
2357525	2363567
331455	8605897
1898696	1909645
2348415	2348594
1932214	1648614
2566059	2419257
483740	1649379
1566910	1151023
1662433	374951
949183	956478
1632588	1056181
1087417	2571927
3900303	5184071
867056	3439928
2715082	2717119
1298503	7142392
7142382	3942768
1829423	7142400
1901136	1900401
7142313	3717680
2177459	2179402
981150	977210
3027943	2168871
3027840	2168811
1531245	1508730
2903246	2924721
3608304	2195776
2258544	3699058
858564	1708522
1480713	1480721
2349099	2348580
841936	980049
4045496	8812273
1242539	656087
2920911	1946589
2566015	2565981
2409174	2409178
922216	6294291
4544087	2610694
4776435	4776413
1069674	1075717
1393684	1394000
12190761	5019499
2826305	2840362
1885067	1882919
1585073	1608976
9884118	2571983
1038781	1346378
7726579	9017087
1969227	1773568
1002745	1002747
3050891	3050864
1902113	1829790
522929	950828
1890826	1061497
1576741	394280
871446	1518954
2987010	2977979
10123900	9668056
1266472	1177948
862854	401047
399402	381497
1127815	1129413
955830	956320
1591604	1588755
1481604	1481725
1539733	2550072
1776724	1782803
4463293	4543347
854477	1128667
854465	1089693
3089400	2453786
965019	993078
2483082	2453773
6034972	8798484
1100840	375196
1023224	1023227
2950	340446
1053832	994546
914922	994546
568113	973535
1546450	1120481
2502256	2500508
1320320	1320657
621855	1132577
969454	1288535
9612432	9552112
1249568	1250638
3001314	3002468
661702	401797
590533	1289376
593415	1289380
456410	883057
935941	1199541
4936069	10747712
546940	558365
592601	2587938
765150	1009140
8488904	8490947
1940348	1940197
1940353	1940195
1172822	1172973
1143266	1143311
1917849	901059
1135935	1105114
10157221	5080967
2108292	2108681
473594	8212434
13553844	3050865
454580	1656960
676884	2574345
1902007	1849054
2464642	2474643
2132139	1292718
6701285	6709415
2009068	2105670
3653162	3653218
1915023	1918351
2815350	2836463
3031042	3195713
2662310	2662306
1189749	1146270
491171	2595199
5781444	7372501
1125296	1126036
2253457	2930344
853570	886625
1450985	1683768
2989080	2500569
9799577	2438383
2108767	2108628
9664079	4962193
2117614	1916264
998432	1064919
808098	9634862
763359	5888783
2150451	2155747
1958301	5046429
1242955	6781331
397735	397698
500363	586581
8675176	6781333
1669636	1064919
1323142	1320590
1894296	1909862
855715	961662
1081719	1082740
1439129	986683
5571787	6216563
619188	1089673
1347493	347619
2160458	2154897
1285386	1309203
1151770	1151277
739406	377596
2809340	2807471
2773090	2749002
854591	996551
602668	1188846
945719	2741785
825071	1404019
1805560	1729703
2577497	2595517
1920840	1779736
436558	882284
2171524	2179902
1421603	1403141
10951263	1158766
9500439	5845067
627295	2059814
1406211	1502765
2970253	8556358
1698374	1693663
1695138	1694373
2924575	2915028
2115697	3893133
1428033	1428051
9704292	8062443
1415385	1418682
3562773	3435915
4098175	4097076
3666908	3667486
1302101	886737
743353	886737
1089981	1087886
1359573	2363709
1785019	6394280
2441054	2434599
1726864	1487809
1271318	1324307
2944777	2814328
2980	418031
624033	1583353
863750	786804
586852	882281
877698	1311383
1371516	1488063
866094	871880
1918331	1822645
2497	397599
1901950	1875618
1642736	1644624
1421265	1421398
2015511	5924611
977790	978047
1035769	1035771
347493	1346344
2786927	2787473
1624812	1869654
973015	2706564
1170928	1205479
1754165	1480856
2592825	3761504
4009086	4007119
10267358	10267360
10124688	5192784
4983129	4983100
2809167	2809166
3763439	3709833
4197722	3292291
2163002	2165232
668225	868920
3995501	3995499
1302193	1302195
5095528	5095790
540000	1940189
1590368	1217872
1918302	1822705
875842	875862
342275	1209526
10960897	944781
1519869	1520032
2117878	1292540
970935	981188
985829	990132
862371	1311994
10742199	10742072
2165473	2165512
1483935	1484043
1249733	912199
4774155	2453380
3049234	3049415
437070	437694
9446546	5098308
2482364	2453888
437078	437690
10461306	7923881
5093153	5095847
1466085	1466413
1642612	1059773
1415636	1417003
2055231	2055228
3100159	3139294
4844535	4844558
578845	972670
1600122	8592147
928527	340599
2493	395138
2828731	2831362
2164422	2165167
8318076	8192263
1613080	1608312
456100	985160
10999505	3426816
2453014	2453206
2441060	2434597
1321814	1323016
503718	1249828
1984564	1412393
728912	375131
1918210	393629
1748309	1656795
3847223	3801862
2992255	2973935
9552505	5410235
695248	1035724
1345144	1912050
2806347	2802610
624988	393714
2998448	2997668
1394180	1394330
4395566	9983783
2809147	2809145
2526689	2682122
1317471	1312073
856328	5448514
2615501	3596719
5036775	5036378
5749890	6958367
533050	1571507
4658386	6363288
1268823	3186506
2178004	2179353
454568	960519
1751917	2488282
2676266	8555184
445679	974273
1266373	1266806
3626521	4638051
502379	3186506
2485009	2482825
12168899	12168856
949045	7201218
1649282	1646425
945708	956577
1322485	1050587
1332543	1873786
1354685	1361115
1433646	1188867
339845	1557818
9379657	5228256
1671866	1671865
1388106	868720
5029598	4338894
1901108	1909533
1519549	1520054
855061	1394503
3899715	4031529
841736	980078
3027842	2168812
2901056	2550486
1250929	1249828
1408555	1412393
563692	948891
532033	1571529
577111	631130
1329583	1329585
1301665	8252033
2564	340599
976229	8523162
1606392	1618075
1318228	380568
928522	380568
8022601	8022598
7942283	6793359
2392442	2025406
13214968	7446992
2321319	2211305
2826588	2831386
8022600	8022598
475343	892229
3042629	2211297
2684502	2684500
4712544	4712477
709622	1167775
5108393	6160431
2166581	2166784
2170874	2179945
2397528	2397785
1006273	1006096
1240438	1234167
1651385	869436
3274030	9923326
939841	3591054
1531296	1503394
586361	973359
2772423	2778517
1201265	1200248
1911773	1822816
10030123	8218042
2648	404791
3448349	3448348
2551871	2554278
11835636	10526132
989258	986618
10574305	6149433
1151805	1151187
995311	996195
2434363	2434185
436544	974376
7786458	784866
1163658	1165166
4648410	4521437
5101907	5101895
1279565	1088325
398602	2135139
611274	11252407
702979	480925
584345	576661
1122966	1126112
859225	2599140
1320816	1323067
4522050	7142409
855945	995083
10061589	10061591
6294288	6294289
1152057	1155730
9686177	7935070
4997788	4992181
1987471	1648920
699507	1648937
2366849	2366816
1074913	1075623
5052621	4667909
907287	1394533
2106029	2105868
2973791	2167008
1125339	1125978
2996350	2998539
998512	1064943
2350775	2363822
10628351	8474921
1599418	391486
2108669	2105865
3947594	2699199
934963	959411
1266440	2778484
1214307	1485323
770907	770779
908816	1484118
1410516	1410737
1479305	1481370
1698812	1694663
687485	2051860
1710862	3980274
2165556	2166843
1194226	1068619
881542	881548
10670297	8470842
2490700	2487145
687463	1138828
2734396	4311835
628647	985294
346038	1613273
10982006	6972948
1089094	1265204
3131205	3139278
1087823	2574150
11111833	5933121
347365	974596
10564512	4983084
1296803	1311498
1940138	1940188
4031105	4019152
1855364	4344151
2024835	1396841
13915308	13915307
1205952	1205953
355717	4990749
4704776	5047674
916754	883056
4009133	4002519
4995199	4989542
2973552	2184479
1455945	1457073
4995690	4995682
503762	1212833
1488971	1489013
2198962	5150072
1963183	1897909
1963185	1897908
1618059	1150223
629405	948850
853331	1050686
7262830	5146185
13779519	13779462
5086561	9714202
2481128	2453626
10028747	3752407
10762375	8997223
1249690	973362
7994536	5162701
1641915	1644704
854633	996527
1211389	1396869
1077388	1396858
2766510	2811896
1088353	1150359
860183	882275
727657	376488
3617748	12946305
1555823	5139041
1296967	1141748
735580	1141748
3174580	8556287
984979	988803
1429067	1429440
1357686	1052890
1624721	1869693
590156	1192136
346571	1613142
434611	2105842
544312	6942252
3014098	3020260
9667607	9594912
558590	559930
1315873	1272031
9642414	9642413
1435659	1304481
2084449	1557663
339070	918194
1292168	4225307
346443	1613173
2815630	2815562
1623373	1062510
345197	977969
339697	1557792
1649111	1648778
534818	879558
4844566	4844548
5611873	8799002
731666	731667
1138858	1201802
644812	1238114
451646	375086
539258	1979135
857819	1304300
1041259	1234965
4900855	4900584
981147	981155
1244883	1102472
743649	974149
1237112	1236218
1981274	1487848
982809	983251
534057	406547
1240432	651918
858525	786445
338830	1543335
711463	871764
1829505	1906343
726563	981286
1323071	1321127
1649246	1648715
1649131	1648723
1363583	1732274
2343443	4928744
1737561	1291637
762972	380301
2110658	2108852
3623707	4125938
1311728	1236213
1676512	1642205
2312011	419168
345501	1188839
1593552	1645776
1250901	1250755
1232145	1232142
900931	882929
1237344	1235273
642169	1649422
638371	1220154
568122	869315
2443106	2453641
1056259	1056287
10984618	11648532
562615	405355
1315436	405355
939633	939635
1240460	1233220
917781	994411
1416508	1417351
2940095	2438500
1031702	1064897
2940134	2434197
10480335	10480320
4009091	4007103
656164	992374
2998451	2996748
1531225	1513284
1287352	1012069
1959203	1946608
1132726	1132733
1596579	6289644
656168	992372
1105253	912268
10481540	10458357
3897801	4031555
2057278	1797459
9751039	9945230
7557973	12359353
11570285	11570269
577839	972717
2588115	2585488
5267355	5267317
6143973	5368804
2362302	2363536
1905441	1906136
1535141	1906134
1721194	1721342
855583	1394377
3089403	2453825
4960540	4969388
1405533	996670
5854120	5864965
1036888	1036895
11122746	11122705
2025536	1161068
4847796	4751792
1279699	1277491
1371279	882710
2143340	2147005
1355655	3428210
7899169	7899174
692706	658061
1488942	1488874
2105983	2105973
1445041	393115
1687112	2125724
623874	4900569
347369	381570
4194493	4194245
1323145	1320577
1325108	1312011
354950	1613016
1314059	1315940
940483	891214
2418161	1296376
4318112	7460971
330153	1075570
1829214	1825838
1649217	1646495
1451320	1337814
2668237	2668334
7942296	6781476
2292073	2604084
1256575	1019161
1086523	1080234
2108800	2108603
2671445	9006166
2258644	2857169
2795372	2793336
338597	1542863
9969813	5520915
8815288	8815259
1428865	1429462
1545313	1191721
1904206	1909196
2267916	6818012
2405299	2901013
338567	1052611
1120143	1120145
593877	1296200
10220410	10220405
9932678	5129460
3100349	6377569
1245017	1105020
8955201	5909044
732491	1544816
3190830	2155748
988017	990410
1372005	1403965
1904488	1909143
1455660	1448035
8911938	8911760
1543030	1308214
1142228	1268662
2187069	5712584
1138898	1201803
1067998	1068220
358528	1194006
340019	1557857
456958	414994
1100929	1091294
605513	1483301
342944	1404028
3027962	2168888
944023	786791
2444454	2453338
624781	1583330
987289	967107
2571568	1059228
1318806	1318808
490858	1148468
3197650	8655315
2251500	2243856
4692483	5047681
613078	881580
1757061	1646452
2309097	2651619
1479178	1480830
2085995	2108532
2599011	2775469
1031875	1031870
8022984	6778814
1698600	1701278
2747486	2747485
4954769	4954693
2072212	1571396
6119230	8798510
1592869	1264487
2171118	2179928
956694	1711357
7433959	4884001
2827890	2831377
2450852	732332
3457154	3319704
1467195	1467321
1264227	912288
986665	986660
3767831	3797466
2391553	2741511
554833	554840
9686182	9182905
1649105	1648806
2789755	2804070
3254981	3254837
742176	1695076
868664	868888
483106	380424
1480929	1481365
868584	3565548
2738925	2652917
1069425	1075725
998390	347633
2921177	438217
4873580	4879835
1966652	1782894
436694	974357
1488402	1489015
794406	1288481
1386498	1394455
3947598	3947469
1563030	729710
1359879	1359980
1364717	980122
732612	1289371
801168	1289373
4721949	4720079
883724	983614
1937733	1937739
10479932	10064339
634729	1043740
1000216	1001710
859139	517457
1941357	1940040
1066867	1066858
614392	517457
2530276	2682093
948809	948811
432456	1006430
1937249	1797285
1279558	1091134
676843	1235006
1264983	1265217
569116	418149
538758	1396792
2289794	2604183
339204	418672
1142137	1143370
1223943	1322258
345171	381104
858549	1708527
2134503	11215537
534059	1571477
1464858	1466516
346242	1613247
1189849	5109061
1694913	1694614
1009849	961662
1683809	4793695
2063987	2064162
1642731	1644631
979519	934111
1309950	1310815
2106070	2105966
505985	386070
329980	987614
2160652	2104151
863802	960446
2177396	2179424
3999457	3999463
2177399	2179421
2941	404989
2089424	4436490
524267	1277040
861903	998046
11962790	11962793
543200	1456898
1732024	1418526
1906273	1778796
2343965	3698220
3927208	3832339
346431	6216503
591195	1396801
1875777	1875589
5926393	3167822
1102757	1079644
1418140	1418547
964821	993090
436538	974377
2110821	1488063
586870	1210247
1829255	6941274
4997806	4992156
2207103	1825580
1624811	1869655
2175049	2179589
2366763	3428238
2656	389301
506831	2175845
1582056	377571
11004896	11005584
5116693	5116690
2977417	2353478
10190299	8193304
5045733	12326539
3177405	2623491
580535	384208
1322603	5041697
1918301	1822706
1357716	1404008
5205419	8812281
9446534	9446526
10576	957190
580136	972626
968686	993415
1278007	1305766
2355384	2357848
1527879	383939
1248536	1201775
733110	912207
825009	391311
2015577	2576823
2440795	2440213
1097571	1091769
2440801	2440196
4469095	4471317
437022	437710
1641981	1649359
437062	1171012
1390029	1171012
871018	971690
1624768	1869680
1152384	1155787
611388	933821
2734578	2734318
3526458	2794236
2160420	2165401
728893	519567
1417282	1052809
2351037	1963246
340043	1557862
1722952	1723112
1347465	1348983
1592623	1603066
966264	983431
346529	1613154
2444279	2453385
1236879	1236374
2412480	10196487
1248939	1249062
1138989	1161664
2440947	2438317
1729475	1480760
1649241	576859
2416139	2418146
2975768	2550241
2898196	2211249
1127704	1129521
2483435	5015379
1163651	1165160
1633624	2860602
994444	8566726
1158700	1165190
1773958	1773959
1152281	1155793
454990	1656963
1286101	5025057
2146908	2145856
1143993	1143997
723455	939656
1544101	1544103
9786841	2168812
1695072	1694613
1245260	1161464
1640154	1639219
1635911	1635910
1322621	1322631
571961	1082675
970848	981225
549902	873882
951094	951106
437501	437669
1307597	1232038
727882	375070
968057	1447630
1503613	1503050
1641869	1641678
2442928	2453725
495327	419211
2134480	2139513
1504252	1149926
1062725	4225327
1020585	868857
703001	406649
1343153	1343192
1569400	5541821
5268330	7332185
4632376	2474087
2440776	2440273
4997830	4992030
7785393	6457157
3106542	4532773
1774885	1775724
571880	973424
1431386	1150803
1066929	1066617
1510034	1508633
632833	3705324
2149717	2162113
2998309	3002481
558972	769804
2106030	2105867
9474613	9753649
2400652	2901079
8402588	2569259
10000795	3317768
4969347	4967170
2142541	2147071
5632565	5980132
1700816	1701037
1480599	1480723
3088319	2924406
2753505	8674346
469651	1234978
9932674	8459437
1734076	12608076
7147850	7132990
1452662	1419489
1778411	993103
1248417	1247076
7477170	7477171
867821	455380
345492	977805
870741	870745
9466149	4995682
2171034	3744056
2741595	2741163
580571	884310
1110789	1873921
1339344	1313349
1320998	1320580
1122678	1126165
11695352	11695349
964703	993103
456362	1834227
1625409	1292571
432304	1006431
1854980	1861571
4739588	7201217
10479937	8569231
4958719	4967155
573262	1396798
576069	972786
1618045	1150275
500509	1864415
4952634	4967199
856114	995041
1699299	1701037
11076079	11076063
1188699	1331444
1861272	1150353
11204355	11204305
856663	8558730
1649281	1646431
1152070	1155719
1277016	1277017
1828478	2453883
536637	1005311
9655287	9655292
2093017	381685
1698846	1701238
1780116	1782603
1319246	347691
1318273	1304447
1484318	1483163
1289751	1018100
594419	1352242
1225781	1225782
4390666	2599129
2986981	1207165
1478649	1480877
339774	1557800
2108948	2108880
1273931	379081
1004152	1108319
1131047	1130859
9534023	8063181
1316056	1250778
421391	1236258
434955	1649425
885673	952692
1317480	1312025
1317311	1312126
569578	918195
2753532	2691879
507295	350642
1563568	1557327
1649215	1646496
434895	916959
499566	421863
1781653	1782558
1320877	1323061
703042	376781
459177	948654
2785464	2339493
1118772	808453
1173714	1177948
1748295	1656786
683125	1487996
1138431	1201797
1314184	10627481
2625277	2667984
523574	1834242
10982356	10982331
2737185	1485030
4487359	4332936
8028259	5478240
964357	1341890
770196	869345
2117537	1922945
968833	993382
2730823	2728182
2148028	2149277
1906207	1778920
2108660	2105941
3995563	3995431
658984	1158759
628292	983519
889267	889264
1097096	1444865
1333067	1333354
1258624	2558100
1687109	1652093
871090	1652636
1618076	1150108
844136	972416
13609021	3095417
738592	2431104
1068476	889248
859896	958292
2269013	7445690
1389973	1388849
338652	995212
9671802	9683987
1667555	1915793
785372	772901
1457372	1469015
1415392	1417087
1523024	1519512
743494	1019164
3164543	4045809
1545276	1539779
2947609	2569266
1143159	1143439
734135	980016
3263506	7006596
360269	2105583
1013656	1015101
3177281	3177261
10061117	8534631
345538	698084
1500379	4222730
13739676	13739662
2289805	2604182
6627449	2810408
3248469	2687641
630363	1649306
604139	1120542
1321826	1323015
2898225	2431026
1295093	770635
1543053	905789
2944081	2816719
1312488	1311524
2408795	2900983
1641910	1644707
330643	1075598
1777681	1782691
838703	8472704
338940	1557761
336844	1320486
1539863	1539756
1669065	1654615
1670047	1654613
702639	697431
339392	1455852
2134493	2139511
1591599	912250
702637	699095
1365404	1732120
1363648	1732264
1172983	1172937
14026702	14026695
330011	987644
1258483	1056145
1201281	1200230
10479746	2149391
489071	879561
2989075	2500681
10323668	10323656
939624	939626
2509999	2100062
865704	948795
524618	340983
1355620	1295990
1229821	340983
697347	882235
985775	818408
854001	1021126
1138996	1211721
9704141	3701188
8087568	8006708
962766	984143
2601	340359
540013	1318045
743331	937943
1903225	1909358
1643993	1644574
3425758	4737249
1649077	1648940
821944	5063521
758942	1248831
1415269	1417467
950971	912226
7745824	6781204
1479161	1480841
9667692	8570421
1174160	1174220
1510017	1510708
977097	902679
1138402	1461980
857886	1304280
1637564	1637622
860366	959626
8656981	8656810
2785934	2804150
1393561	1394400
1801819	1799720
1431361	990202
587907	991427
10776746	6317396
1409155	1410897
1455195	1455341
9974740	2504751
1142144	1143372
2636685	2651574
1617901	1608132
11172985	6761124
1163665	1165169
3438518	2635046
1392541	1390956
869191	869189
667205	868828
1531304	1491387
981556	341218
2679	404985
9681150	9681148
1569383	1120134
180703	4468836
710540	7003771
11427786	11427787
892121	891294
2176902	2179499
779179	948653
4978949	11841699
1019125	1019123
630364	651797
360399	9622898
2577569	2576923
2776133	2778483
5718940	5714610
2629	404830
1457375	1469011
2132467	2139568
12020015	12020011
1185467	1180864
1281480	1544891
503593	981276
881590	881593
1084898	2574269
983912	985144
864176	378114
859501	2599148
624989	393714
1129717	1138788
943935	943912
2975885	1822661
861916	998043
1642355	1644683
1651338	1652648
2938929	2574582
2120827	1592933
1322529	999718
2089233	8028263
10266832	6212703
1208992	517593
1038423	437669
1212094	945894
1713760	1656918
1618100	1150014
1312383	1312429
3616609	3616630
3411248	8192171
2444394	2453352
1644317	1644546
861984	998033
5109395	6160433
2476945	952467
678831	418149
3167823	3167822
1875738	1875599
1666963	1666961
3715836	2550585
3715833	2550585
1153641	1155693
1136818	1201770
1141636	1211729
1391571	1390960
2208994	4985151
434293	1006390
1235049	1230054
2156838	4414263
1140207	1139350
1869734	1869729
571810	756784
571809	973418
1713027	1713025
4727890	4727899
11172976	8470859
464589	971712
1252458	9453843
1316035	1252032
13763725	13763706
1020669	871158
1020668	871158
1410145	1410816
1676531	1642114
6773085	6779237
1479293	1480791
1061581	1061583
1320696	1320695
4955897	4967169
944353	945755
1208900	1218328
888550	7052586
10000854	8064157
3113669	1963225
1689395	419914
505938	419914
1347496	1348949
10483954	6322252
1651380	869475
1425570	1426164
1333031	1062997
916174	994515
4960616	4969383
456062	985164
824817	937121
4476858	1963232
9936760	9936786
687759	1396824
612944	1157472
2900901	2427829
3999486	3999485
618541	1639332
1868812	1869839
2671929	6127125
1643709	894516
728926	651917
1683620	1682897
2257021	1613114
594565	8812271
950924	950929
1031061	1488158
855580	1394378
454537	340769
3404727	3404725
1643005	1644598
702918	381979
1582520	1586959
970884	1205755
1296784	1318912
356764	1084486
1974720	902615
618022	1639359
2992124	2984128
1132374	964588
2170192	2180016
1359811	5559058
2941354	1838236
579769	972662
11612014	11611640
853989	1021128
1361285	1362924
1307204	1318790
10063836	10063832
1062777	1188814
12987750	8843062
859885	958281
7147834	7134122
668618	1486547
2088919	1859483
2348057	2348612
1720577	1721406
1457917	1517860
575454	972808
13761789	13761773
1099139	3335551
758534	1022818
1804097	1054611
10480440	9847360
1781709	1782547
945466	956603
1906214	1778919
12531891	6169897
11710454	2826253
889263	889255
1292981	1302343
1641773	1644730
985817	963695
1762828	1458132
1431901	1146562
1131152	1199473
7141684	7141232
2950133	1155858
1100670	886283
340014	950566
1752473	1749438
1045988	773104
346240	1613249
1409986	1410883
1917814	1917953
2170115	1564624
1753508	1749491
1752468	1749492
1869745	1866975
639340	964815
4456291	9981980
1359873	1359983
914919	994547
2064131	2064133
1771476	1320486
1652020	1652641
842001	958435
1418717	1457041
881572	881569
1558809	690176
2687338	1915548
6595472	8605883
1361839	1362910
1142157	1143338
1869846	1829722
339876	1557829
2099850	918242
2629622	2668705
963136	8798949
1052075	1052452
12566033	5221113
1080779	1082781
1006272	1006087
1606386	1618084
8735506	2430972
1546871	1176228
1677051	1011234
9985267	9986970
1707921	2179262
773831	870448
1708026	1701880
2136982	2139433
2143774	2147012
436488	974387
1066897	1066666
1066896	1066667
1404010	1062623
1519908	1523033
1775323	1457031
397730	869189
883202	983619
1435726	1150056
338880	1543378
3597983	3597978
1199069	1301578
1754166	1480853
966458	965956
1911768	1834289
1909467	1782241
1676158	1676452
1113239	1113242
12924483	12924467
1179191	1177300
329950	1002915
1386986	1386985
5087773	1480762
5087772	1480762
966355	983396
994771	729308
2209053	886775
10761346	8197979
10761345	8197979
1125243	1126045
2015449	6982870
1941459	1940498
434147	958453
940089	1276924
10776748	7782142
1142133	1143365
2412349	2412384
1226273	1226347
1787034	1782670
8742651	8055584
5093460	1869659
3691547	9499536
1493486	1495245
1043371	1012076
1063174	1063525
1726854	1487969
1400832	1400833
398364	881533
1636128	1186936
13577685	13577667
13577687	13577667
1100947	1091280
586121	1649352
1363624	1732270
842055	980031
1279683	1279668
1115464	729676
2121213	1787129
1698309	1693666
339765	1557786
952853	956343
1969188	1701059
7295193	9622836
454961	985241
1672830	4933688
582900	885398
1692376	1836462
1657888	1657842
775183	1268678
1542217	902533
2440860	2550340
1042598	1926537
2443223	2453580
3241266	2748882
8189055	8189127
536823	982925
2170664	2179970
463151	5045399
509596	2175784
2164109	2165199
2149082	2149266
1195999	1196000
1798535	1798537
2170550	3853809
10085483	10085481
721386	720966
1334275	1640878
1295132	1188795
1190804	6015093
618750	1639307
1777627	1775498
510039	5613075
436768	974340
1071880	1075678
1342951	1799791
2125508	2179597
5036797	1126327
345576	1613381
1688046	5139070
7682877	6805951
1774842	1775482
1778427	1779468
1644301	1644552
2269059	7575070
346361	1613195
445715	2139557
1160703	8020160
1143528	1418608
1010035	990460
987223	990460
866161	13061799
477197	404849
6484052	6971589
751940	1275101
950631	1069401
504633	3128645
1113264	1418645
2194408	4589902
2992163	2978088
1488989	1487924
1676381	5129372
1853422	541398
2170659	2179973
2395919	2397818
6714442	6763603
5578660	418113
859273	2599160
1123108	1126077
445702	974264
330120	1075549
1307010	1307017
1264539	952898
506732	734746
2556788	2561931
1410576	1412321
3856329	8656399
1004215	1004070
646717	1481335
856111	941515
1325116	1052880
584339	996740
1323431	6958861
1053851	1054656
998438	1064918
854636	996525
941397	941369
329986	987608
577875	972718
1344370	519305
1904164	2147007
746373	1592894
346334	948783
657125	992315
6443250	6443657
539392	6958267
7682876	6805951
4708153	5047627
692737	720975
970937	981194
2639549	2668558
1412028	1412183
963053	972289
1545319	1863996
1294083	418001
1615390	1613145
778520	1405710
476992	378571
435013	1649406
760201	964733
905745	1576954
2710913	2715237
8189049	8189155
2146569	2146957
5578652	5785727
1055630	10530156
2417789	2418064
1461204	1462037
775668	961625
855917	995100
789250	6984584
437147	732370
2940086	2488953
329926	1289415
1003901	1108288
998419	963561
550490	913176
4621491	7995520
1370895	1534134
2139233	2700513
1845876	1795562
1624807	1869659
345222	2139552
1498770	1926886
998652	1064940
10218214	11758958
1854903	1861585
1254646	1011174
582894	996779
1480887	4814092
1481707	1481359
1173748	1167408
881060	881057
13992367	13992345
1372112	824263
9703934	5257394
1775560	1775691
2509	978428
5095538	5095784
853305	869287
1102580	1102629
13081572	13081562
10762341	3510647
1407397	1405748
1265308	1154516
1974770	1869575
753170	1130940
10159185	10159179
1750229	4505767
1909527	1782144
993248	994369
13769753	13769727
1069599	1070625
4140485	4139566
10161717	3186365
1278103	1799621
346312	868846
1053697	1054672
11121152	11121146
2440982	2436433
950782	952627
980656	980745
330031	987647
730040	1180303
1630862	1043164
2170050	2180077
3012267	1563678
13057807	13057789
1155743	1155762
1868820	1869842
1615559	1470066
339183	1005267
741869	1695123
1139959	1139772
1556192	1461932
1280055	1079635
1854797	1861601
968683	891184
1272511	376457
1604918	1018119
477917	1156417
1056283	1056296
2998605	1683032
1153699	1155675
817731	4239176
7954188	9636943
1481142	3684856
520897	1366977
2656075	2668257
2930952	5150102
1917813	1917959
942803	942766
986626	985958
1249497	1250642
13991258	13991182
10047148	5238728
1275470	886778
4062915	4063955
1388981	1388826
1038556	1302355
1444921	941551
2372273	1112642
850043	879116
1233259	1232078
3027948	2168875
1543411	1539829
858208	1708557
1569398	916973
1315837	1315169
1276565	1305831
1071910	1075668
2108959	2108818
2697572	5087130
13069481	13069475
1817578	2817270
1444918	948768
2132488	2139567
1218490	1176191
723921	1333397
2553845	2460745
9969789	3349615
8187773	8191782
346048	948796
1214028	1214025
1135928	1105222
3120871	7288479
1001075	1001674
1538797	1537075
1068021	1068208
1530966	1487928
777069	964726
1136889	1201777
3995532	3995509
1107522	1234924
712030	1288492
2084553	2108622
728861	1289430
1178760	1289421
1393631	1390900
1417331	1418574
1826462	1797287
346563	5159774
1870402	1875824
1334999	902679
2163023	2165216
2162906	2165293
346591	1613132
533183	341007
861669	998060
2304540	8658950
436486	974386
1757008	1468226
1922675	1900185
2590935	2438372
1192081	1192078
5484456	5484466
945741	956567
6894730	8560647
790124	10543693
1875863	1875565
5137981	3092881
9612379	9594978
2144102	2146998
1569381	902499
1139954	1139792
2931402	2617009
13018381	13018370
6102098	6133022
1545293	1537073
5892975	5617002
2979947	3428258
1322498	1312134
1519860	1520038
13818780	13818772
1448302	1378945
2159617	2162258
13830144	13830124
10350257	10350109
1113235	1113238
4963400	4969311
1643004	1644599
1143284	1143295
9463860	7730100
1033357	1179285
2975883	1822663
1295130	1293983
1963174	1900123
4954971	4967175
750428	1078921
2267243	3491570
966298	983412
3788530	3761422
532608	2598966
10030058	9989309
1248983	1162236
2728173	2728171
1415365	1418681
1909768	1773887
1302384	1302319
1651358	713587
1698311	1693664
1704687	1701971
738610	1939903
5981651	5981649
865320	3590959
4517086	3566217
687571	948832
10086713	10040267
13842396	13842376
3343538	6936759
456060	985165
993352	994352
13994114	13994089
9731652	7067407
5091778	5089737
3981659	3981658
1563057	1380259
330631	1075585
1776989	1782780
345448	977854
1868819	1869841
1517108	1520603
1246374	1161642
577130	972731
2895417	2924803
580219	972612
1580367	1587021
981484	972211
1331724	5087106
449728	950567
1178786	3595419
992538	992525
1176566	1176298
1686393	2574353
1070551	1683765
1230281	1230310
986539	986020
7682880	6803177
7317514	7342019
882412	983630
1240459	1233221
1721504	1591985
1135882	1126309
1110805	1110808
1519979	1520026
1775559	1775207
1580354	1587016
1686395	2574352
434873	958491
7317526	7342011
703031	517438
1135900	1123374
2165571	2166829
2357526	2363566
1615399	1610856
6313344	6313130
1415612	1417400
811480	957757
3026179	1920531
995316	996191
1439538	828918
1139002	925379
1603689	7585388
2178017	2179350
2178092	2179316
8977234	8976769
1326817	1326814
507353	2175831
717038	1075364
1410598	1410725
990760	964584
5091850	5089795
721973	541389
11878581	11878583
2142839	2147062
872715	406565
3995547	3995477
1676538	1641726
4738569	4737870
2434388	2434390
3525822	3526817
6774648	6774650
2911843	1822782
1069953	1075694
1224607	1228210
12062750	12062739
11601031	11601015
3401947	3401945
928528	340597
956170	956301
1306268	1318881
1387935	1387950
340274	1557892
346568	1613140
2107118	2108724
611782	1613417
3463332	3165476
1084654	1846832
4998396	5006282
10483962	3510710
1425651	1426145
1683619	1682902
564508	964880
2935345	2580775
579839	972641
1491473	1491073
3034397	8799420
1193159	889395
5033499	889395
944022	889395
1122942	1126107
1406587	996173
3507503	8605889
606018	1799793
1649142	1648689
2590643	2593212
1527987	1531446
339995	1557854
858620	872774
683105	1209426
1456177	1457047
3873782	11243513
2118606	424008
4051871	4051688
2826364	2840200
1139970	1139700
2671606	9006303
864570	959433
5118572	10357559
969587	970365
6302192	6741457
3027413	1773596
2987000	2978097
5718943	5709202
1031663	1031660
1446827	1447707
1428234	1429499
2533121	2550634
13739675	13739662
983450	983222
945703	956584
3255249	4712507
14012940	14012934
1346203	1912043
1551083	869426
2716666	2717041
1698353	1693717
3695371	2687388
1547891	884360
1488014	1487961
580568	972582
3389816	3382788
966238	983440
2940189	2431022
340213	1557882
1900607	1909578
9737595	9737594
2009234	2105662
1518442	1520486
10480588	9005185
12925498	12925493
1365053	340741
455922	964131
727608	729708
1905917	1906088
746209	912286
1676426	1675791
567769	1145968
816275	7421748
1179228	1175372
2099958	1782114
1177071	1091190
1271980	1046165
3027985	2168906
10671355	8566910
1170648	2667844
1253135	8559745
2742237	2739988
1894052	1909884
1778464	1782643
1144101	933654
1214468	1404005
11741997	1491850
2815629	2815574
5083972	5016274
11012078	11012066
1534791	1534131
2117627	1882799
496204	375179
11206553	11206545
1116182	1116096
13681620	13681603
4487358	4487477
1298110	1301984
11012083	11012066
742169	1695067
462643	1644436
1503618	1503031
3464036	3129251
1911775	1822773
10144516	10137371
1637868	3769261
1085418	2574226
1410271	1410749
1431416	731522
977234	977407
1365433	1732084
1068106	1068138
1562985	391313
2156045	8518458
4492080	9636950
753171	772086
1415273	1417100
1432048	1301962
1138986	1201806
1228077	1230367
5718906	5718074
9704226	3290327
14015977	14015971
338238	1487181
1112709	1112724
1126595	1129564
2110772	2036069
1163685	1165157
2278643	1396521
947227	956544
533501	1571482
1189808	1186983
13045576	13045571
2110765	2036525
873472	391529
2481276	6460098
1207509	1218505
2788732	2804088
14020220	14020203
1465286	1466485
1205094	1205292
1192238	1194089
692719	720921
623911	1288547
463966	517438
1020703	994245
536313	1079726
1127760	1129472
1920406	1900260
3939528	1799479
742360	1162236
967562	968639
2114597	1974612
1247103	1247105
1696643	1697895
962114	984214
2845	404807
945734	945737
2998490	2852390
957168	1584229
5715415	5712754
1530513	1531381
11128702	11128715
9828489	1447676
1277869	1277624
4727887	4727896
1105018	1105000
1491469	1491121
1721298	1701965
4687622	5047765
3027939	2168867
2775296	2775289
728911	384760
744638	970339
986657	985947
1645173	1140342
765166	1009130
1283169	1074270
597695	405251
2440520	2440800
2143769	2147015
1125085	886750
987508	986604
548254	406650
2903854	1782230
1158724	1158719
1905909	1906078
4055089	2836440
1300211	1296401
956801	1584240
10512936	8467141
7328000	7341861
1598413	1592034
1084811	2574303
2163019	2165220
1316070	1249648
1136462	1138747
2522599	9192371
1904184	1909214
970958	971514
2338140	2357877
1455681	1448020
615997	1639434
1518459	1517790
617532	1639385
1534732	1534204
1082605	1082697
339022	1543424
2134204	2139537
10671354	8472690
2444128	2453431
1364741	1732210
9731660	8069361
5372703	5160520
586117	1203250
1020584	419143
2992259	2973938
1719562	1721438
1136489	1138727
5233126	3526838
1531206	1518958
1284175	1161412
2443166	2436325
1122644	1126179
3699719	3494096
2440823	2439583
1142188	1143315
532528	1571522
532527	1571523
2384258	5081226
968590	993423
4632546	7492032
358684	965633
841988	965633
711949	1563389
4968055	4969281
4968054	4969282
1125362	1126002
560732	340973
1033647	1017674
9838545	9838522
1001440	902691
1323405	1324246
2998498	2852346
2160665	378399
735562	1056314
1209921	1282157
1559797	376458
2920039	1920537
1112623	1112657
1580331	1587012
11957540	8068408
2115532	8028267
1717865	1563631
1406119	2150899
875067	8797146
1908469	1909036
1279730	1277074
338511	1487195
2092248	1920097
329949	912231
851106	960589
1713886	2796178
987389	989185
1481577	1483164
9704207	8028574
613423	4313698
1832167	1150949
1365396	1120432
493005	5139042
4009334	3989292
2756707	1469735
483469	869300
1700247	1701116
1247932	1088334
1909772	1773885
1249196	1250695
2471718	736151
1897552	1909769
4640793	4640783
6178161	6199602
958383	958470
1359224	1306958
710492	1030999
3788528	3761425
1122614	1126189
1192168	1192152
1368393	1396993
998484	1064927
1242958	1861753
464583	971723
7823121	3432981
1396906	3653197
1901978	1859758
1901977	1859758
9920522	9920505
2365434	1061539
1061613	1061614
769392	879131
565818	869249
2178021	2179344
1227075	1014198
2994	957112
2456858	2456857
760196	964743
359481	957935
2371940	6856222
1000444	1000438
1102687	1080217
2055357	2044125
1309407	978873
1230247	1230318
6985996	1230318
4442005	4440679
4442003	4440681
2671584	9006301
6992404	7002944
1067989	1068215
4563203	8566733
1866198	918154
1031701	1064898
2178044	937121
584706	996715
1141915	1211736
1345275	1486536
2440874	2438495
5090798	5095879
977526	983296
1036240	2421518
1056228	1056230
7563366	7563307
12954273	12957055
696725	12332140
1230288	1230313
330663	1075617
1138863	1138867
2944737	2939503
1393722	1393995
527523	2597481
1466407	1467345
1369631	1367720
3108843	3123244
497601	530783
1592944	1603008
607442	1228034
1991762	1120395
943955	943908
2170656	2179974
1139978	1139640
1139951	1139800
358529	1194007
346522	1613156
739191	738609
1072455	867470
340281	1557887
1649143	1648688
1463185	1466517
339849	1557817
721605	939594
1316126	1249023
1492115	9952413
2694202	2694064
1936896	406535
1361848	1732305
1519520	1520444
2431150	2431131
860368	959625
2170105	2180049
1240330	1238111
338885	1606677
2471971	1396713
569398	973488
1518075	1520493
436778	1320499
496812	1457040
573793	973316
1854494	1861627
693762	983481
330135	1075554
1334139	1736976
1592233	1603030
1690741	1693858
436880	2180102
2057246	1797389
1845282	1846904
4308663	4203309
2057239	1797376
1711308	1236232
1323154	1320544
1471233	1471387
2769137	1825480
1535428	1610596
2160672	2162164
346040	379382
505787	879148
1845242	1846918
1551711	1067831
857499	1708606
1351466	1049628
763615	390807
576366	340373
1339634	1333396
1056278	1056291
1415395	1417085
347511	1613062
1173878	1163619
2867995	1019165
9667584	9622397
1651401	849063
9446529	9446526
2442850	1491738
858187	1708568
566128	2926884
1947968	1656844
2160501	2162194
9858549	1455441
1947796	1068719
1195968	1195969
1455671	1448025
329982	987613
1249717	1070144
1290563	1588908
2121153	1787235
4801072	4800882
1771585	12347389
952348	952350
890958	1193334
2108831	2108567
523752	1276892
2797854	2797851
2900980	2583222
1915086	1799813
13710824	13710815
2108640	1503001
1131083	1126283
4776422	4776429
2447473	1782080
986551	985996
877413	375039
1297038	1587227
13769997	13769970
346622	974640
1476236	1145445
12033047	12033050
1248387	1247816
2345963	3354727
1134300	879583
5026065	5189761
877071	340597
1323128	1320608
330103	729712
5231038	1225774
5231037	729711
1062689	517390
528568	886650
714857	1563429
1315119	1315884
3547492	3547491
3352070	3352068
1539882	1165891
3834215	3812563
520678	517610
2863805	2863620
7147846	7134118
2295415	8197432
1699063	1701190
1394360	1394362
832434	869259
723756	975865
6609994	8555188
1315431	1315852
1829625	1906319
1278018	1305775
10000801	6668123
343036	9453763
892087	892015
1147984	890733
1361183	1732329
995674	996173
702604	699128
541115	541399
532546	417839
1642428	1648633
2794257	2933875
4960582	4967144
338920	1543397
8187806	8190272
966466	965905
1247681	538846
1405733	538846
1173754	1293924
342470	1048246
4996125	4479610
8977250	8976756
346600	747645
8977247	8976756
3773676	3490216
1937832	1732057
1082602	1082699
343760	1267568
455988	729671
339411	1033397
9706151	9504930
2444443	2453342
11250834	376437
2637013	2634652
1239937	530783
7942298	6781477
1321935	1322986
1613072	1608322
1016028	1013789
9675975	9681967
2052084	4222740
5975800	5977260
881560	881566
855313	1394441
1510018	1510706
759219	959323
1421611	1381140
329970	987605
1221660	1221702
1905971	1906051
1365002	1732179
2914200	2613943
1947963	1641685
1102656	1087876
506832	2175848
347509	1613065
4383968	2135115
4797532	3073798
1345314	1912048
7942299	6781477
343209	728972
1987472	1648812
3147709	3663614
1898698	1909647
2503	380508
2479290	965782
346420	1656962
10671455	8493262
1880089	576734
1365400	1732121
536339	1851032
1580473	1580402
1155746	1155761
3277533	2631986
4491299	7148853
337796	879810
1868834	1869826
1678105	965782
625874	1198259
1518902	1520465
919032	576935
1756860	5109302
2590010	2595010
875783	875784
2108664	2105881
1683704	1666958
2607341	2453746
3282259	4275894
1122625	1126185
2133331	2139551
10028834	2453810
853988	1021137
721471	1926911
614456	950682
4214669	4211548
3027983	2168908
867876	1077137
3222563	3389325
5372637	5111816
2173825	2179788
2801919	2688818
765156	889656
2423929	1779774
998906	896058
1558661	6793904
463081	3717816
561056	1926970
1434705	1434938
1717702	1799789
1268235	1085674
9072358	9072344
2886286	2885794
2722471	2690689
1455694	1455852
957034	1043403
3302088	4006854
2253256	3524051
5052578	4723973
1139931	1139866
1229904	1208970
1256579	1207011
331583	1217825
3545250	3494207
10563560	948932
1769260	1275696
1943451	1944001
1230263	1230322
2987011	2977978
952029	952546
602239	340989
1456873	1456879
1176577	1176289
1364650	8727115
1244723	1091323
794366	6737959
1874060	1875854
5115021	9944541
1148479	2738719
1248941	1249061
1918073	729345
2996393	2998528
1240480	656760
4987467	948932
916770	994500
2842255	2840950
1421601	1400845
2626624	2668729
1615470	1608912
1188680	1208877
9501269	6760850
2508131	1143252
455814	879291
1464844	1396702
1702783	1396639
1702501	4344083
1127599	8656413
2898251	2554328
3041627	2554329
4977249	1359980
1182845	1656956
3100610	5892706
1248484	1202156
736038	1289362
859844	1289391
1125336	1126019
9930808	9930806
803708	1052975
1941358	1940041
1699320	1701031
1048208	812200
972976	742857
1134097	1289432
703028	381601
1055606	1289455
2334925	5531049
1288244	1288581
990902	576918
793480	1404222
1430520	1430815
2188247	1011167
3411636	3670714
2826446	2831385
746044	974088
2826443	2839582
2826444	2839579
1192993	1187001
981145	886192
1615403	1610509
13994561	13994557
1370352	1370409
1585116	1585120
1192377	11816620
1254412	1926863
612904	1613400
5046842	10028472
2057256	1797416
434953	729661
1317481	375811
1828733	2453833
1038581	1302349
817241	5177442
637108	1555457
1223945	1322257
849977	971705
1580342	1587001
985079	985114
505857	2175888
2815722	2595237
1266976	978817
1126507	1129570
338883	1543390
4687624	4160045
2775295	2775289
1394224	1394257
928531	340594
4203264	4202753
2085968	2108533
755931	1417053
1613014	1608537
509735	912261
1001037	1001686
2314182	8718599
2314205	5272507
1563720	1362901
6462001	6461063
2490703	1775627
1222127	1047757
1138686	1136428
346293	1613221
2566014	2565988
970867	981222
1408589	1412379
1305575	1048328
616131	1043949
2309081	3277140
346583	1503577
1129675	1138807
1345254	1349156
1875870	1875563
1875879	1875560
1875874	1875562
1875853	1875570
4788968	4798208
1333175	1333291
1201735	1201695
8322187	3092881
5137975	3092881
1020826	3092881
2585582	2595243
4997804	4992159
9476887	7264824
1569394	1825757
2119585	1952826
11173020	7695777
974804	1066604
1315836	1315833
1537069	1537066
11427779	11427785
1293170	1292879
1279017	1279048
5178802	7261968
566455	913234
346626	974642
2107242	2155735
1531268	1508639
2006319	2105800
606127	1508639
9448992	9434621
883951	983596
329915	1002880
994736	381543
723215	975911
4489129	4489127
1580163	1579895
1841762	3192374
993292	994359
1101444	802771
949181	956480
1845244	1846915
10480478	8564349
12578014	12577980
1684107	5139057
4797531	4796692
977683	772085
2117534	1926499
2756	393113
10134437	10134438
10619586	5487136
9795652	3748421
1468202	1468216
1527051	1531497
1901986	1851257
2728180	2726635
674857	4456577
2205632	11552169
1795615	1795613
2864073	880959
2158913	3867774
1527050	1531496
871019	871022
3780375	3748485
683110	1272040
738767	1658846
986550	985996
1177160	1091167
1234338	1232089
1873613	1150963
1495191	1494447
10779230	10778083
1125330	1126015
743863	974142
436578	8797249
987445	987453
3753017	3744102
2828917	2831272
2828915	2831277
1875620	1034790
1586766	1163625
431742	1618852
1078826	2992169
2590633	2593214
981143	868846
1136447	1138781
578923	9453765
761777	966683
775010	939675
998361	1265919
1427805	1429556
1069990	1069992
6686382	6199602
1737571	1291513
11072429	11072425
4983135	4983098
945563	956591
1531175	1530658
1531019	1530658
981504	971992
8038682	8037609
1897646	1909711
1615656	1469732
803732	870447
562403	562405
728882	390801
729417	390801
1614298	1615532
3975697	3362233
2306898	2211248
1334146	1576960
3042630	2211246
3042631	2211245
1365347	1365398
977682	772043
11835642	10577359
2992261	2973926
1365401	1732123
710494	1030999
760156	760157
1451022	1799730
1279541	1230738
789628	978102
10030032	8067706
9944223	8967417
994290	996258
744879	974138
9488927	7262468
2536766	2550601
564142	340811
1079574	1079575
3899713	4031528
1205815	1176234
2160354	2162228
2808692	5150115
5082941	5016349
854935	1394540
1201758	1201714
1615627	1469820
2751736	2751738
976585	976544
1001463	880563
9165247	9162122
2998492	2852380
2166383	1732305
2809307	1915554
744625	970353
1100722	893627
9670059	9669588
6902750	5055603
1719679	1721433
330137	1075553
3237492	3237480
2989	952928
1172474	1205403
2656657	2668165
9020883	9020884
1305581	1048326
1421562	2886291
8187771	8191785
875846	875860
2828732	2831363
2828805	2831340
2901065	2550454
1163698	1165141
3300122	8559747
10459440	10459360
1252027	879866
1106298	1158991
1309373	1161168
4398488	5924622
2740681	2695746
436634	869270
2412363	2412379
1367339	1366908
2152479	2151442
2463908	2440981
393859	393855
4952627	4967203
883917	1564615
2532902	2562000
986767	986638
10479971	3667513
1315544	1315839
10618626	10618627
1293224	1292774
2865880	2471491
1906267	1778793
5581383	5785659
5581388	5785655
534308	1571455
1697779	1697885
1112610	1112648
9969819	6760891
10762385	8091667
1752466	1749518
1920935	8755496
2140965	1462047
1100821	1048360
496817	909294
775692	961620
2159612	2162264
623551	2854295
4486251	4487491
10480493	3388118
3444850	6299341
9704184	7133959
3975669	3274432
8884424	8884418
1100831	981618
10670285	8541917
1361226	1732321
14023088	14023075
1410001	1410880
1129643	1138800
10762379	9003177
673002	869534
1416669	1418635
1897587	1909733
2998461	2854283
841996	980046
1630438	1630439
764283	959348
592499	592512
1794862	4691289
347356	1613086
1649274	1646450
693832	7482328
1320993	1320585
6390178	6390719
5715424	5712582
2191988	2192043
2667970	2668019
1513354	1512312
812546	957795
970002	970499
346422	1613179
1902019	1849020
11208493	11208467
1897618	1909725
4958449	4368317
614132	1563617
10480553	7822132
2005805	2105818
590039	405166
1136474	1138733
2983	340335
1672029	1672221
738366	886696
1721518	1566803
2783488	431083
2259873	5944851
1641766	1644734
1359970	734628
1624720	1869695
627330	985346
2785251	2785330
907271	906063
336308	8656370
966508	341091
2177125	2179465
771882	770677
1642728	1644632
2944766	2939009
508831	2175799
1504273	1149956
1721221	1721313
1591546	1603046
10480206	5232899
3012354	2815489
9858928	3708428
990690	517614
937915	970269
2094542	2703300
5089883	5089634
2782114	2781062
1897588	1418635
9854126	9854127
10628313	8564369
2265774	5409731
2590020	2595006
1569344	959110
1596444	1592745
431991	1006438
4214674	4211470
1415340	1417098
1718145	1545606
6113365	901079
1318453	1323087
1323156	1320543
1321010	1320542
1322953	1322502
497622	734680
977996	978016
340515	1249765
3027988	2168910
2917420	1523019
1567570	1001968
2119247	1874735
1208903	1218320
360209	882230
753038	376747
753037	376747
589585	916989
2764897	2812005
1708374	1161308
1908460	1909040
1722966	1644465
1745395	1745391
2533015	2550641
853697	1481722
1591395	1488954
1599246	1597505
1441276	1441665
990398	406532
2994134	2479228
1364710	1732219
1483306	1377492
1649240	1648771
2108939	2108928
1777682	1782689
1277689	1305808
331757	1799724
4009422	3986804
659054	992266
1361846	1732306
1752470	1749469
1644018	1644572
570532	882233
1104856	1091362
10571502	10571501
2897633	2924786
434963	2195737
434965	568778
507315	1206600
2372081	2371779
3083677	3082893
1497482	6938114
5384026	5303721
1246387	1161628
2177995	2179367
958593	970440
1528107	734841
1004099	1108310
3947547	3947485
1504317	1373648
1001041	1001683
2008733	2105725
1671981	519614
12531857	519614
1364847	1732190
584020	438270
2431174	2441001
2944745	2939070
2944750	2939067
1310082	1310811
1774864	1775729
1414836	437718
5087824	4306007
3931859	3450718
2473909	2474511
2443228	2453571
2844335	2758747
1806050	1806041
5053569	5611100
1104946	1104937
1737372	1207051
2242031	2812032
1642283	1644689
1031696	1064903
539949	1061301
1642282	1644691
2536767	1430810
11816457	13063545
1903584	1091157
1136008	1091157
1080784	1082758
1277960	1799635
965064	884399
1657163	4312050
2444403	2453349
330044	987655
2098557	2098560
1767500	1389381
1131046	1130867
1468389	6460165
2559009	2561920
2071729	4589898
1595264	1483881
2444308	2453372
2168523	2168531
388163	966703
1143261	1143309
11522346	11522347
1143550	1236669
589029	589717
1325212	879600
1062690	517390
1395751	1370510
995812	996160
1306616	1306654
1551176	1043543
1000500	986063
2532765	2562026
554945	1446452
1518653	1520471
13871401	13871384
1726102	394277
1901435	1909492
1959216	1920316
1152045	1155726
338204	1487172
1413596	1414909
1504251	1149928
544300	9409683
1902012	1849037
10168478	2961007
2947619	2569192
10144503	10140064
2083938	8605944
1330801	892047
1918209	1918311
811783	957785
1192417	1674249
2433396	2440986
1836388	1834279
1300224	1296387
7899136	7899133
881070	881068
1736803	1307571
2781982	2569131
2571730	2570738
1563726	1379531
4804644	4814584
1566785	1163359
1346744	889374
1713718	1587040
994446	909341
967663	993459
5184816	2201850
1827540	1902232
453659	1089670
2917327	2550333
3754679	3337890
347394	974551
1237137	1236203
1240324	1238133
1920707	1789215
534076	769790
340217	1303065
1749175	2607184
1580070	1221804
1667339	1161506
1901178	1900384
1640101	1644768
1541248	1539788
1700516	1700987
5002451	4817039
9414535	2469341
861715	1503425
1134794	1136316
844345	972399
1678795	1291678
2138468	2135124
2138469	2135123
2081247	2139445
1406454	1969717
779869	1456998
5364430	8801079
1615426	1609062
509583	2175795
13612362	7288526
9949817	9949818
6390185	4772223
2560868	2561907
13200922	5697984
843413	1018065
11014455	11013001
564524	964868
2770866	6216595
1896161	2037424
4952612	3199155
854533	996640
1312301	1312476
14025998	14025993
6361434	6377506
724198	975853
1689620	1311487
4802702	4814592
765664	1009110
1318191	1311935
10671341	8505452
1315983	1255949
2267932	2434284
721764	7868994
1651068	1652686
2130486	2133943
1294969	1153537
2144705	2143721
2267846	2937246
4055117	3192320
1321079	1319768
2508	397604
1634576	4940808
2998509	2851263
1531287	1504287
985825	966643
1178641	6092326
2139162	1235297
1632591	1056179
559042	8472788
1677086	873085
3235792	2967342
10671356	8569317
1585274	1585438
2068274	4589897
2169216	3192394
1134503	1199506
2992239	2680705
988009	990414
2629621	2633306
1683618	1682896
7142377	3706086
2709182	2180124
2222587	7142407
7142367	3490215
7142310	3072309
547394	547393
5087595	2651562
7412135	8559774
1640924	1644747
7006638	4858551
14014559	13972524
574561	390777
6989487	2747266
459183	2418020
956015	956304
1361862	1362893
605263	1084878
1734752	1331256
2740666	2739024
10671353	9041391
1112888	1112889
9731710	7064468
2177468	2179392
3582101	2967379
1531248	1508715
965132	965896
524862	3655890
1520522	1523019
1719681	1721434
1615659	1469713
1717407	1927015
2841255	4989079
1315421	1315853
2110476	3984000
9002374	8976750
2626478	2668764
1105019	1105004
337883	1487161
1618105	1149988
10252064	2709410
10490863	10490897
4535830	366741
1522997	1079633
1609303	1918123
870716	870722
2991698	1105775
2108654	2108563
1200188	1200187
1331350	2914960
3028061	2184482
2815723	2595238
1959205	1946590
1279689	1279112
9855956	5632513
1418700	1422653
495242	992402
347023	974609
2826303	2840402
576080	972781
1512987	1480796
2158857	2162287
1554578	2982045
1020778	1052461
1982324	3897467
1909325	1782424
3072496	2211233
13681941	13681935
1439547	1531522
1734840	1326728
964894	1249085
454586	985260
1298115	1301980
2993	406519
1104964	1104958
2358224	2348579
1066891	1066675
5482580	5479980
2000056	1985353
3540651	2557498
2636696	2635481
549117	541480
745564	974115
574557	869166
2351191	569580
2987001	2978092
1330618	889447
977095	576852
1794993	1795618
2119406	2397786
4997944	5006317
1686394	2574352
2801935	2685697
1126532	1129573
608454	957952
1246569	1246633
1634147	1608258
10480113	5675569
1562225	13782135
1199294	883239
1315445	1321037
855236	1394460
857300	1708608
1421602	1400846
1504381	1504384
1000080	1001711
1084752	2574318
339313	405294
854485	1202987
3421217	3416539
1934696	1539822
483360	734671
10776752	9045885
10762374	9675649
857592	857599
463927	760623
380854	405293
967989	993446
980522	990186
620247	868834
624845	760614
858529	341264
1857627	1859833
543523	7665905
1638681	1637579
1638679	1637582
1732096	1417059
5975732	5975734
3058754	5033591
1433654	1179180
811481	948662
1126578	1129555
1828780	2453816
2639546	2651538
883722	1173865
5028028	5016164
2228344	1158980
14019566	14017221
745037	517354
1063084	1063092
1873439	1063092
2035846	517440
3250806	2984110
454145	728937
1070844	4915366
2442842	933692
985837	966651
1774831	1773936
1779794	1782628
985728	652456
1937246	1797290
1937242	1797300
2170857	2179956
4584969	3179671
1937240	1797310
9751130	6084554
1297972	1293014
2856521	8426466
1071933	1075658
1127710	1129504
1555805	1608915
2353477	2363618
727888	1664887
6162143	6165565
2898144	2184497
1147933	1147934
4317960	12334247
2392402	2392671
3089408	2453905
2847	404879
1440181	1441675
656221	992369
1664926	421957
2788073	2804102
559034	1006440
10762348	7095065
2100660	2453757
9695990	10616284
2754265	8555201
1909710	1779663
3943206	3300303
9640717	9640716
4065243	4065385
683169	868914
436412	1469817
1066889	921852
4471356	4471364
989555	990354
1276982	1276980
1959215	1920331
2169417	2416119
8102469	7081171
10000826	10001800
1333116	1333191
9731736	6141588
9667568	9628053
2992166	2978086
4997790	4992184
2982233	2869788
1409837	340702
9704295	9005113
1918233	1838306
1702462	1702422
482085	948679
359748	3594926
5612165	7836279
2068314	4676280
1536336	1058421
995833	996139
2915138	2860045
1430481	1430816
750205	1609058
854592	996550
1687783	974384
1658276	4586682
2167597	8190429
5718944	5709203
2867687	5449140
1406210	2150902
11865509	11865511
1580356	1587019
2192392	7760979
2135847	2139475
2119547	406532
2305849	3430063
1368305	1245180
6290079	6383661
2177453	2179408
2443181	2434129
1875676	1875611
1393677	1394001
2917455	2924553
2110663	2108850
345607	1613364
1875959	1875695
2613	5076124
1415368	1418679
2812794	7740199
2356967	1806033
4968029	4969285
1065150	5052610
2173942	6216575
2108749	2050379
862185	1175325
2105208	1873813
436684	974363
642185	1649437
1129924	1346517
1218512	1174192
1653989	1653693
4062807	2849801
10206268	10206259
1695246	1694689
745714	974094
855944	995085
1176894	5197777
459155	729706
10459746	10458353
1649107	1648782
1649108	1648782
13991341	13991337
852291	1864654
852292	1864654
1916861	1916234
1143272	1143298
3878459	3688509
2528485	2682101
1297475	4840783
1615535	1470104
347316	1613094
1569346	1567517
952022	956394
874299	801615
1405267	2150905
3209191	3209152
3004649	3002813
854798	948774
8297395	8799282
724930	975824
1275761	1267555
1101038	768547
2081619	5095471
437032	437706
1415458	1417067
745624	868825
1614321	1615528
1006296	1003392
2968530	2973972
2063563	2055396
2440798	2440210
1136882	1201776
1919590	1918375
3103208	2917124
708036	340609
1518457	1520481
1244791	1091657
1393502	1393504
582850	996785
2773123	2773117
2528459	2682106
1875006	1875798
3625274	3625279
4957891	4967160
863365	956126
2058823	724003
2828900	2831294
2828902	2831292
2453011	2453210
1531230	1512347
1438799	1520039
1391505	7029737
1136000	1091206
1410641	1410718
1372023	421947
943780	956622
1345680	1912045
1056410	1056407
1056409	1056407
574439	972828
1086897	1086815
1068472	1161168
9942423	9949859
1531319	1489770
569105	948688
1041322	1041325
2309073	2392672
1196116	1180412
1642915	993483
1058303	1056173
2110571	2110654
2940909	2550522
969573	971525
2444285	2453383
868989	8555248
2160379	2165407
2534094	2550628
981126	981166
1777574	1782733
9969863	4276332
1644233	1644563
2292057	1644563
330652	948758
1690851	1693845
1575114	999762
13710331	13710319
998944	964461
2057265	1797428
445704	393688
1326183	1320800
2361093	2363541
1615446	1609005
1291839	899643
2245152	5095472
1280111	1573246
624789	1583342
7585365	7575433
2310761	5172637
1502652	9840138
1326356	994247
1127743	1129484
4732343	4317981
998896	351188
9751063	1272266
985809	963551
9847379	9847376
1408356	1397006
10762444	8864309
7984917	6296256
1282054	1277272
2228345	934951
2566013	2565992
500432	734724
436640	964824
1268915	1120429
968750	993398
1356985	1357384
628649	985292
339887	1158773
2699937	2700036
1139281	909412
507200	438270
2444392	2453354
3404717	3404715
731741	886637
1574820	1108221
1993031	9595198
3056571	3082129
587345	1292747
2900909	2431039
1726837	1508704
600224	1489770
1909683	1782029
1276907	1077291
2167438	2167033
11957539	8068422
6382785	5928341
2607321	4278975
1260755	874927
3762719	2440739
4869343	4868914
479853	964795
1575094	1837834
975471	978537
655268	942768
4767437	4767349
2192806	2192844
721375	721001
10693917	10631708
1707917	1707731
4960618	4969381
455896	985191
4714578	4445141
1481669	1481710
1517679	1520517
2306895	2211295
437012	974289
2096533	4798146
573791	2105588
13998207	13998202
2898229	2434065
2751682	2751666
1318274	1323101
3179784	2927217
497570	960390
1169596	1205415
541863	973334
1687170	1653694
2668236	2668335
1531299	1491760
1105292	1235349
9704147	6121990
2968894	2992233
2469303	2474526
929924	1403883
1686596	2741161
1316003	1255933
340258	1180935
1136469	1138752
2148507	2149249
1648090	1648731
346440	1235351
1264872	1265250
2639497	1132678
1258896	418118
1258897	418118
1192188	2903204
1651387	869370
1651386	869370
1004863	8812276
345481	977832
3975656	3254417
5091805	5090484
12848531	1521624
7368554	6847720
6706958	6709129
2742233	2740766
2590906	2593145
1318244	1305281
1079524	1079527
12198672	12198653
1120124	1120120
1346471	1349029
2914729	2924621
1240382	1236410
1290131	10458389
3073856	2613784
2132487	2626769
977831	978040
1905447	1906137
9288276	9288270
10480308	10012503
3357575	3357583
1653151	1652715
1362003	1362878
608867	957961
9165269	9158969
10822891	10822877
1644378	1644538
1675086	1676489
1801597	1801601
1906264	1778792
2715075	2715161
337887	729004
842043	980034
665784	1234967
864018	1006109
1240334	1238074
6192244	6195122
1815663	1571869
1061576	2464420
859411	393626
1209476	1150299
945423	944197
856559	419182
1138351	1201786
1283486	1091680
4958605	4368350
1305261	3591004
984564	984404
1822169	4676100
10157230	7093832
10762392	7093901
1488016	1487963
952582	729654
1312640	909295
1147871	11718923
1020666	871158
1480570	909295
534283	380481
1915040	1810474
1676457	1673089
11057180	11057172
1915042	1810469
1127729	1129498
7056470	8103981
596065	380484
1268914	1123230
628663	1123230
937938	959402
509960	2175774
2177369	2179425
10762445	8551536
9006450	12892567
2138300	2139350
1613020	1608512
687589	868864
3439158	3341583
2734634	2734665
9731733	8541916
1144113	1212798
948601	956521
944040	956611
1298541	2656933
1686488	4448633
9019635	9019618
4708156	5047624
10480031	7859078
1535400	1537016
3717778	3717769
3027858	2168821
3027901	2168833
471978	869265
1568918	1426173
1852771	1861705
753033	1576713
7557964	12359348
2108782	2108613
2639493	2668582
2223518	2039797
9672801	9672468
3927214	3900549
971463	971666
13718356	13718316
2930	405107
9448767	9451195
524564	957925
622400	1048216
5136816	8558084
1057235	1058062
1054334	1054638
2176907	2179495
1134095	1394313
11015335	11015320
1905913	1906083
4979011	1085039
10480122	10120915
9165248	9162125
480034	950733
480033	950733
2164433	2165188
2590907	2593143
2164791	2165150
2164435	2165185
1099170	1091660
2590909	2593137
574479	868853
10000828	10001796
977647	768541
9033895	5096890
574481	970354
1142166	1143348
1615410	1608058
398600	1396780
645508	1396812
642214	1396811
2309111	970522
1713758	1656928
1227983	2471523
1832118	1829719
1832112	1829717
1312833	1194069
5011465	5982538
346615	974661
2063527	2053826
2063523	2053829
3899705	4031523
872263	871756
1021881	1000174
10086794	5475118
2119582	1956305
554929	871407
2896806	2924797
346608	1613115
2800685	2741902
940809	1404025
10124029	10124030
1762834	1457094
888752	1272043
653046	651620
1139955	1139788
769403	770775
10068901	10069002
996604	996642
3031950	1555556
3262867	8688374
752838	909391
5566458	8798975
2160399	2162221
9466368	9475713
751872	1912463
2992279	2973876
6624068	2778031
7477183	7477190
10480490	7556606
1618031	1150367
1001445	886219
1001444	886219
2290142	2604161
1585308	1608955
2170049	2180078
6391814	6460054
2661420	2660297
3028033	2184436
3028034	2184437
10670282	8586302
508219	2175816
1409938	1412373
1120751	1120345
2877	405597
1627186	4825876
2090039	4825876
6199156	12359375
2143415	1468251
1252193	1161430
455660	2823014
2222368	2221015
544301	875142
1903160	1587115
942395	956634
1468189	1468239
454571	1656961
1208067	1207556
1781654	1779816
1481199	1481322
989418	990368
330107	1075541
1672054	1672158
1179166	1178946
544266	418110
2222370	2221010
963214	4228219
1138684	1201799
2747459	2569193
2760854	2678254
583947	996765
534045	406555
1234911	1234198
968804	968805
426723	401790
3087072	3087071
1507461	1380556
1522660	1522953
1250904	1250750
1246383	1161634
1188923	1188925
1363504	1732281
374078	2154012
1173969	947216
1318057	1312044
724289	975832
1250903	1250753
1657919	1657918
1482668	1485187
1139930	1139872
4991781	4990275
1105891	1277362
1615413	1609086
338676	1543300
1706374	5232280
1367352	1364891
341360	568091
1320990	1320597
717459	1220129
1214286	1291625
1483112	1483119
573733	1250772
533410	1193213
345265	340987
2604306	2604330
1132940	960514
2142244	2147083
1491100	1491128
340248	1236257
1411196	5917202
1443628	897357
3987868	3988521
2133309	2139558
435051	1122574
435049	1649401
1799060	1799459
345330	977896
1776994	1782774
2060131	2175893
1248379	1247832
452930	1236250
3026	418176
3691512	5303089
347027	974612
566428	952622
382058	380436
1597425	1139472
5165674	1230514
1742474	1197512
1774860	1284979
957071	418130
4557159	4357379
1384559	1384718
5933536	2594958
2353307	1178914
1201105	405312
451710	1576770
10745455	8238294
2922211	4674244
1077595	1077596
1286052	914487
1901177	1900386
2177126	1212847
1061437	1153554
726549	972292
3265698	5865071
12046203	12046231
9816902	5467271
2289788	2604185
2521878	2474524
853474	1235312
7411819	5175147
618723	1639310
2817656	6983095
5098314	6014943
2711466	2715194
2914132	2594958
1237314	1235317
2914133	2594983
2162986	1775597
2469300	2474528
3986676	7482126
436650	964822
455958	397654
4483977	2702240
2755	395112
2223594	3658209
977293	880521
998380	7365102
1278085	1799589
1239359	1048444
10610408	530810
1105792	1105788
541285	3631535
503304	1204968
434253	1006400
1387876	1198178
434255	1198186
1333123	1576991
1388480	397176
775201	1268685
6683708	5596532
1076474	1150495
854872	4818348
7931175	9932598
4443631	4456453
742966	380535
738720	1190044
1567659	1052897
5064785	3762999
2130791	3653509
746053	974064
1384561	1384721
995818	996152
9816952	3676015
2744081	2097925
1555803	1608914
852258	519643
10572035	988725
2222917	10479994
1082817	1146308
543100	993094
966492	340990
2443207	2453591
1908647	1908972
1249513	1320524
1371524	690890
6813446	6068568
9946497	9949839
2678616	3929992
863587	1484141
618559	750717
1734167	1734549
2650011	6937945
667203	538847
4697374	4778393
4258961	1224494
1595436	1224496
5201646	4850497
